time_sec,vibration_accel_g,fbg_strain_microstrain,ir_pyrometer_temp_c,current_phase_u_a,current_phase_v_a,current_phase_w_a,state_label
0.000000,0.2076,143.69,115.39,-0.055,-12.857,12.635,Stator Inter-turn Insulation Breakdown
0.000489,0.3502,144.95,115.40,3.465,-13.839,11.102,Stator Inter-turn Insulation Breakdown
0.000977,0.9630,145.22,115.26,6.950,-14.868,9.173,Stator Inter-turn Insulation Breakdown
0.001466,1.0482,144.53,115.39,9.904,-14.832,6.863,Stator Inter-turn Insulation Breakdown
0.001954,1.3233,145.28,115.37,13.055,-14.701,4.362,Stator Inter-turn Insulation Breakdown
0.002443,1.2185,145.33,115.40,15.194,-13.624,1.741,Stator Inter-turn Insulation Breakdown
0.002931,1.2075,144.09,115.48,16.895,-12.292,-0.807,Stator Inter-turn Insulation Breakdown
0.003420,1.3724,145.39,115.57,17.872,-10.806,-3.423,Stator Inter-turn Insulation Breakdown
0.003908,1.2227,144.73,115.46,18.681,-8.734,-5.955,Stator Inter-turn Insulation Breakdown
0.004397,0.8926,144.30,115.30,18.825,-6.432,-8.405,Stator Inter-turn Insulation Breakdown
0.004885,0.5127,145.79,115.37,17.950,-3.694,-10.308,Stator Inter-turn Insulation Breakdown
0.005374,0.5576,144.22,115.45,17.146,-1.048,-12.084,Stator Inter-turn Insulation Breakdown
0.005862,0.6687,144.54,115.44,14.893,1.679,-13.395,Stator Inter-turn Insulation Breakdown
0.006351,0.7630,145.07,115.48,12.652,4.334,-14.570,Stator Inter-turn Insulation Breakdown
0.006839,0.5716,146.37,115.39,9.925,6.789,-14.670,Stator Inter-turn Insulation Breakdown
0.007328,0.5734,145.19,115.37,7.106,9.282,-14.600,Stator Inter-turn Insulation Breakdown
0.007816,1.2140,145.53,115.54,3.480,11.168,-13.756,Stator Inter-turn Insulation Breakdown
0.008305,1.3412,144.70,115.41,-0.158,12.618,-12.712,Stator Inter-turn Insulation Breakdown
0.008793,1.8094,144.92,115.32,-3.026,13.832,-11.302,Stator Inter-turn Insulation Breakdown
0.009282,1.9473,144.95,115.52,-6.669,14.509,-9.259,Stator Inter-turn Insulation Breakdown
0.009770,1.9278,145.29,115.28,-9.908,14.938,-7.212,Stator Inter-turn Insulation Breakdown
0.010259,2.1182,144.70,115.12,-12.631,14.569,-4.715,Stator Inter-turn Insulation Breakdown
0.010747,2.2372,146.34,115.47,-14.500,13.696,-2.066,Stator Inter-turn Insulation Breakdown
0.011236,1.8356,144.63,115.48,-16.837,12.626,0.741,Stator Inter-turn Insulation Breakdown
0.011724,1.4221,143.29,115.44,-18.027,10.925,3.486,Stator Inter-turn Insulation Breakdown
0.012213,0.9897,147.74,115.30,-18.779,8.718,5.833,Stator Inter-turn Insulation Breakdown
0.012702,0.7310,144.67,115.40,-18.992,6.365,8.371,Stator Inter-turn Insulation Breakdown
0.013190,0.4123,146.31,115.38,-18.316,3.818,10.311,Stator Inter-turn Insulation Breakdown
0.013679,0.2698,146.40,115.36,-17.235,1.077,12.050,Stator Inter-turn Insulation Breakdown
0.014167,-0.2715,145.95,115.52,-15.017,-1.376,13.332,Stator Inter-turn Insulation Breakdown
0.014656,-0.0238,144.80,115.32,-12.906,-4.319,14.180,Stator Inter-turn Insulation Breakdown
0.015144,-0.5083,145.29,115.43,-9.712,-6.658,14.625,Stator Inter-turn Insulation Breakdown
0.015633,0.0854,143.73,115.50,-7.286,-8.974,14.544,Stator Inter-turn Insulation Breakdown
0.016121,0.1109,146.99,115.44,-4.011,-11.066,13.780,Stator Inter-turn Insulation Breakdown
0.016610,0.0311,144.15,115.51,-0.097,-12.474,12.779,Stator Inter-turn Insulation Breakdown
0.017098,-0.0752,144.75,115.45,3.257,-14.002,11.462,Stator Inter-turn Insulation Breakdown
0.017587,0.2921,145.10,115.44,6.468,-14.577,9.427,Stator Inter-turn Insulation Breakdown
0.018075,0.3041,144.89,115.44,9.298,-14.848,7.235,Stator Inter-turn Insulation Breakdown
0.018564,0.1417,144.34,115.46,12.677,-14.433,4.876,Stator Inter-turn Insulation Breakdown
0.019052,0.2448,146.39,115.38,14.705,-13.732,2.101,Stator Inter-turn Insulation Breakdown
0.019541,-0.1538,145.95,115.30,16.526,-12.713,-0.534,Stator Inter-turn Insulation Breakdown
0.020029,-0.4519,145.32,115.48,18.172,-10.764,-3.111,Stator Inter-turn Insulation Breakdown
0.020518,-0.7441,144.60,115.50,18.663,-8.820,-5.624,Stator Inter-turn Insulation Breakdown
0.021006,-1.1864,146.06,115.43,18.527,-6.652,-8.345,Stator Inter-turn Insulation Breakdown
0.021495,-1.1527,144.54,115.36,18.226,-4.043,-10.269,Stator Inter-turn Insulation Breakdown
0.021983,-1.8488,146.57,115.28,16.904,-1.461,-12.036,Stator Inter-turn Insulation Breakdown
0.022472,-1.9147,145.11,115.42,14.724,1.374,-13.287,Stator Inter-turn Insulation Breakdown
0.022960,-2.0599,146.23,115.30,12.896,4.081,-14.255,Stator Inter-turn Insulation Breakdown
0.023449,-2.0116,144.89,115.29,10.272,6.570,-14.506,Stator Inter-turn Insulation Breakdown
0.023937,-1.8732,145.07,115.41,7.100,8.872,-14.472,Stator Inter-turn Insulation Breakdown
0.024426,-1.5898,146.23,115.35,4.152,10.768,-13.828,Stator Inter-turn Insulation Breakdown
0.024915,-1.4100,147.19,115.44,0.450,12.606,-12.777,Stator Inter-turn Insulation Breakdown
0.025403,-1.1255,146.56,115.40,-2.750,13.597,-11.326,Stator Inter-turn Insulation Breakdown
0.025892,-0.8802,145.88,115.36,-6.447,14.544,-9.562,Stator Inter-turn Insulation Breakdown
0.026380,-0.6947,145.59,115.27,-9.164,14.620,-7.332,Stator Inter-turn Insulation Breakdown
0.026869,-0.6768,144.49,115.34,-12.430,14.564,-4.953,Stator Inter-turn Insulation Breakdown
0.027357,-0.5101,145.30,115.35,-15.061,13.824,-2.442,Stator Inter-turn Insulation Breakdown
0.027846,-0.5200,144.09,115.31,-16.269,12.664,0.469,Stator Inter-turn Insulation Breakdown
0.028334,-0.6309,145.38,115.39,-18.053,11.082,3.031,Stator Inter-turn Insulation Breakdown
0.028823,-0.8526,145.44,115.32,-18.291,9.100,5.453,Stator Inter-turn Insulation Breakdown
0.029311,-1.1213,143.04,115.40,-18.659,6.530,8.031,Stator Inter-turn Insulation Breakdown
0.029800,-1.2817,145.04,115.43,-18.109,4.155,10.060,Stator Inter-turn Insulation Breakdown
0.030288,-1.4861,145.41,115.35,-16.935,1.690,11.639,Stator Inter-turn Insulation Breakdown
0.030777,-1.3990,144.92,115.45,-15.419,-1.221,13.071,Stator Inter-turn Insulation Breakdown
0.031265,-1.4156,145.36,115.30,-13.192,-3.996,14.054,Stator Inter-turn Insulation Breakdown
0.031754,-1.1797,143.66,115.32,-10.289,-6.468,14.583,Stator Inter-turn Insulation Breakdown
0.032242,-0.7774,144.22,115.40,-7.494,-8.828,14.587,Stator Inter-turn Insulation Breakdown
0.032731,-0.6732,146.03,115.47,-4.379,-10.939,14.038,Stator Inter-turn Insulation Breakdown
0.033219,-0.0676,145.00,115.48,-0.690,-12.401,13.006,Stator Inter-turn Insulation Breakdown
0.033708,0.2674,145.34,115.54,2.223,-13.673,11.487,Stator Inter-turn Insulation Breakdown
0.034196,0.9550,144.45,115.38,6.273,-14.644,9.819,Stator Inter-turn Insulation Breakdown
0.034685,0.9423,145.02,115.40,9.438,-14.808,7.547,Stator Inter-turn Insulation Breakdown
0.035173,1.3081,142.70,115.33,12.260,-14.643,5.076,Stator Inter-turn Insulation Breakdown
0.035662,1.3263,145.85,115.31,14.696,-14.041,2.517,Stator Inter-turn Insulation Breakdown
0.036150,1.1258,146.81,115.43,16.402,-12.847,-0.256,Stator Inter-turn Insulation Breakdown
0.036639,1.1693,143.93,115.35,17.797,-11.228,-2.892,Stator Inter-turn Insulation Breakdown
0.037128,1.2216,144.06,115.51,18.369,-9.127,-5.667,Stator Inter-turn Insulation Breakdown
0.037616,0.8297,145.44,115.30,19.132,-6.878,-7.885,Stator Inter-turn Insulation Breakdown
0.038105,0.3680,146.47,115.45,18.217,-4.409,-9.792,Stator Inter-turn Insulation Breakdown
0.038593,0.5411,145.00,115.33,17.294,-1.686,-11.738,Stator Inter-turn Insulation Breakdown
0.039082,0.2961,143.77,115.35,15.607,1.149,-13.130,Stator Inter-turn Insulation Breakdown
0.039570,0.4835,144.79,115.46,13.092,3.795,-13.984,Stator Inter-turn Insulation Breakdown
0.040059,0.7970,143.97,115.36,10.363,6.417,-14.514,Stator Inter-turn Insulation Breakdown
0.040547,0.8698,144.33,115.37,7.702,8.638,-14.603,Stator Inter-turn Insulation Breakdown
0.041036,1.2438,144.70,115.35,4.339,10.873,-14.006,Stator Inter-turn Insulation Breakdown
0.041524,1.2256,144.07,115.56,0.991,12.436,-13.131,Stator Inter-turn Insulation Breakdown
0.042013,1.5848,144.22,115.37,-2.232,13.622,-11.569,Stator Inter-turn Insulation Breakdown
0.042501,1.7066,145.07,115.42,-5.773,14.487,-9.848,Stator Inter-turn Insulation Breakdown
0.042990,1.9429,145.22,115.40,-8.841,14.671,-7.519,Stator Inter-turn Insulation Breakdown
0.043478,1.9870,143.58,115.44,-11.775,14.582,-5.252,Stator Inter-turn Insulation Breakdown
0.043967,1.8943,145.40,115.37,-14.398,13.978,-2.697,Stator Inter-turn Insulation Breakdown
0.044455,2.1427,144.62,115.40,-16.520,12.848,0.048,Stator Inter-turn Insulation Breakdown
0.044944,1.3686,145.72,115.45,-17.700,11.165,2.769,Stator Inter-turn Insulation Breakdown
0.045432,1.5559,145.78,115.35,-18.569,9.519,5.192,Stator Inter-turn Insulation Breakdown
0.045921,1.1640,144.46,115.51,-18.607,6.956,7.661,Stator Inter-turn Insulation Breakdown
0.046409,0.6773,145.61,115.51,-18.389,4.297,9.863,Stator Inter-turn Insulation Breakdown
0.046898,0.0976,144.16,115.47,-17.366,1.926,11.793,Stator Inter-turn Insulation Breakdown
0.047386,-0.2399,146.32,115.42,-15.714,-0.855,12.818,Stator Inter-turn Insulation Breakdown
0.047875,-0.2594,144.20,115.18,-13.685,-3.582,14.103,Stator Inter-turn Insulation Breakdown
0.048363,-0.1560,145.35,115.45,-10.588,-6.219,14.498,Stator Inter-turn Insulation Breakdown
0.048852,-0.2248,144.81,115.39,-7.657,-8.492,14.490,Stator Inter-turn Insulation Breakdown
0.049340,-0.2788,143.98,115.40,-4.869,-10.440,13.983,Stator Inter-turn Insulation Breakdown
0.049829,0.2020,145.90,115.27,-1.050,-12.294,13.052,Stator Inter-turn Insulation Breakdown
0.050318,0.4471,144.39,115.46,1.876,-13.756,11.744,Stator Inter-turn Insulation Breakdown
0.050806,0.2997,143.30,115.30,5.822,-14.790,9.827,Stator Inter-turn Insulation Breakdown
0.051295,0.4290,142.12,115.43,8.676,-14.752,7.911,Stator Inter-turn Insulation Breakdown
0.051783,0.1784,144.12,115.49,11.779,-14.735,5.410,Stator Inter-turn Insulation Breakdown
0.052272,0.2333,146.38,115.38,13.817,-13.998,2.789,Stator Inter-turn Insulation Breakdown
0.052760,0.1607,146.26,115.52,15.979,-12.947,0.080,Stator Inter-turn Insulation Breakdown
0.053249,-0.1625,144.28,115.36,17.779,-11.397,-2.459,Stator Inter-turn Insulation Breakdown
0.053737,-0.6542,144.63,115.47,18.414,-9.446,-5.033,Stator Inter-turn Insulation Breakdown
0.054226,-1.0087,144.54,115.32,18.627,-7.180,-7.696,Stator Inter-turn Insulation Breakdown
0.054714,-1.4115,143.67,115.50,18.680,-4.538,-9.807,Stator Inter-turn Insulation Breakdown
0.055203,-1.7115,144.05,115.49,17.826,-1.905,-11.501,Stator Inter-turn Insulation Breakdown
0.055691,-1.8467,145.98,115.46,15.967,0.636,-12.907,Stator Inter-turn Insulation Breakdown
0.056180,-2.3380,145.50,115.39,13.422,3.344,-14.028,Stator Inter-turn Insulation Breakdown
0.056668,-2.0692,145.27,115.31,11.394,6.066,-14.595,Stator Inter-turn Insulation Breakdown
0.057157,-1.9078,143.66,115.39,7.755,8.507,-14.545,Stator Inter-turn Insulation Breakdown
0.057645,-1.8537,145.10,115.51,4.761,10.594,-13.946,Stator Inter-turn Insulation Breakdown
0.058134,-1.5832,142.70,115.43,1.423,12.125,-13.153,Stator Inter-turn Insulation Breakdown
0.058622,-1.2943,145.84,115.30,-1.660,13.645,-11.901,Stator Inter-turn Insulation Breakdown
0.059111,-1.0256,145.26,115.33,-5.250,14.231,-9.984,Stator Inter-turn Insulation Breakdown
0.059599,-0.7275,143.65,115.52,-8.729,14.764,-7.799,Stator Inter-turn Insulation Breakdown
0.060088,-0.5597,146.62,115.46,-11.737,14.708,-5.503,Stator Inter-turn Insulation Breakdown
0.060576,-0.8376,143.20,115.33,-13.869,13.831,-2.797,Stator Inter-turn Insulation Breakdown
0.061065,-0.4635,145.53,115.28,-16.222,13.153,-0.167,Stator Inter-turn Insulation Breakdown
0.061553,-0.7280,145.56,115.37,-17.572,11.544,2.417,Stator Inter-turn Insulation Breakdown
0.062042,-0.5778,143.76,115.28,-18.794,9.557,5.024,Stator Inter-turn Insulation Breakdown
0.062531,-1.2565,144.96,115.41,-18.685,7.155,7.261,Stator Inter-turn Insulation Breakdown
0.063019,-1.4066,143.36,115.62,-18.343,4.760,9.740,Stator Inter-turn Insulation Breakdown
0.063508,-1.4566,142.15,115.30,-17.708,2.199,11.435,Stator Inter-turn Insulation Breakdown
0.063996,-1.4326,143.93,115.41,-15.682,-0.710,12.889,Stator Inter-turn Insulation Breakdown
0.064485,-1.7522,144.38,115.53,-13.668,-3.314,13.897,Stator Inter-turn Insulation Breakdown
0.064973,-1.4364,145.64,115.49,-11.056,-5.791,14.549,Stator Inter-turn Insulation Breakdown
0.065462,-0.9685,145.07,115.41,-8.325,-8.419,14.452,Stator Inter-turn Insulation Breakdown
0.065950,-0.8564,145.09,115.41,-4.981,-10.345,14.035,Stator Inter-turn Insulation Breakdown
0.066439,-0.1079,143.99,115.33,-1.601,-12.310,13.219,Stator Inter-turn Insulation Breakdown
0.066927,0.0391,144.47,115.41,1.814,-13.575,11.805,Stator Inter-turn Insulation Breakdown
0.067416,0.3723,144.07,115.45,5.273,-14.422,10.143,Stator Inter-turn Insulation Breakdown
0.067904,0.9407,143.78,115.52,8.708,-14.725,7.950,Stator Inter-turn Insulation Breakdown
0.068393,1.3443,144.41,115.38,11.603,-14.751,5.798,Stator Inter-turn Insulation Breakdown
0.068881,1.3134,145.07,115.41,13.699,-14.076,3.146,Stator Inter-turn Insulation Breakdown
0.069370,1.4772,144.43,115.35,16.207,-13.089,0.479,Stator Inter-turn Insulation Breakdown
0.069858,1.4762,144.68,115.45,17.782,-11.565,-2.329,Stator Inter-turn Insulation Breakdown
0.070347,0.9452,145.69,115.49,18.454,-9.488,-4.631,Stator Inter-turn Insulation Breakdown
0.070835,1.0380,144.50,115.48,18.902,-7.505,-7.354,Stator Inter-turn Insulation Breakdown
0.071324,0.4750,143.67,115.33,18.578,-4.841,-9.572,Stator Inter-turn Insulation Breakdown
0.071812,0.6041,145.56,115.44,17.364,-2.278,-11.299,Stator Inter-turn Insulation Breakdown
0.072301,0.4297,145.27,115.37,15.919,0.382,-12.835,Stator Inter-turn Insulation Breakdown
0.072789,0.6132,145.33,115.51,14.066,3.019,-13.987,Stator Inter-turn Insulation Breakdown
0.073278,0.6856,145.63,115.42,11.266,5.622,-14.265,Stator Inter-turn Insulation Breakdown
0.073766,0.7708,145.46,115.31,8.626,8.064,-14.477,Stator Inter-turn Insulation Breakdown
0.074255,0.9806,145.03,115.41,5.472,10.249,-14.172,Stator Inter-turn Insulation Breakdown
0.074744,1.3084,147.39,115.47,2.044,12.103,-13.050,Stator Inter-turn Insulation Breakdown
0.075232,1.5467,143.72,115.45,-1.247,13.385,-11.877,Stator Inter-turn Insulation Breakdown
0.075721,1.8032,144.41,115.39,-5.063,14.309,-10.223,Stator Inter-turn Insulation Breakdown
0.076209,2.2366,145.97,115.38,-8.240,14.758,-7.911,Stator Inter-turn Insulation Breakdown
0.076698,2.3660,145.14,115.35,-11.163,14.748,-5.716,Stator Inter-turn Insulation Breakdown
0.077186,2.1074,145.76,115.40,-13.811,14.201,-3.168,Stator Inter-turn Insulation Breakdown
0.077675,2.0433,145.17,115.36,-15.795,12.956,-0.606,Stator Inter-turn Insulation Breakdown
0.078163,1.7914,146.37,115.51,-17.813,11.583,2.119,Stator Inter-turn Insulation Breakdown
0.078652,1.2248,143.99,115.36,-18.406,9.856,4.682,Stator Inter-turn Insulation Breakdown
0.079140,1.0533,146.34,115.44,-19.075,7.396,7.317,Stator Inter-turn Insulation Breakdown
0.079629,0.9696,146.17,115.44,-18.708,5.074,9.220,Stator Inter-turn Insulation Breakdown
0.080117,0.2713,143.79,115.51,-17.459,2.417,11.408,Stator Inter-turn Insulation Breakdown
0.080606,0.4179,145.63,115.52,-16.140,-0.337,12.692,Stator Inter-turn Insulation Breakdown
0.081094,0.0818,144.96,115.49,-13.911,-2.826,13.851,Stator Inter-turn Insulation Breakdown
0.081583,-0.1279,144.39,115.46,-11.570,-5.586,14.435,Stator Inter-turn Insulation Breakdown
0.082071,-0.0991,143.11,115.35,-8.389,-7.853,14.531,Stator Inter-turn Insulation Breakdown
0.082560,-0.2324,143.99,115.35,-5.453,-10.148,14.278,Stator Inter-turn Insulation Breakdown
0.083048,0.0100,145.71,115.37,-2.407,-11.904,13.353,Stator Inter-turn Insulation Breakdown
0.083537,0.4317,145.81,115.49,1.486,-13.404,11.980,Stator Inter-turn Insulation Breakdown
0.084025,0.2718,144.79,115.44,4.416,-14.349,10.348,Stator Inter-turn Insulation Breakdown
0.084514,0.6184,145.82,115.50,7.803,-14.713,8.200,Stator Inter-turn Insulation Breakdown
0.085002,0.2659,145.95,115.51,10.888,-14.675,5.872,Stator Inter-turn Insulation Breakdown
0.085491,0.2063,145.15,115.38,13.459,-14.123,3.233,Stator Inter-turn Insulation Breakdown
0.085979,0.4810,144.28,115.44,15.686,-13.131,0.679,Stator Inter-turn Insulation Breakdown
0.086468,-0.0895,145.44,115.43,17.187,-11.842,-1.909,Stator Inter-turn Insulation Breakdown
0.086957,-0.5219,145.49,115.41,18.126,-9.934,-4.571,Stator Inter-turn Insulation Breakdown
0.087445,-0.6265,145.67,115.39,19.104,-7.579,-6.855,Stator Inter-turn Insulation Breakdown
0.087934,-1.0311,145.87,115.53,18.414,-5.412,-8.999,Stator Inter-turn Insulation Breakdown
0.088422,-1.4244,143.64,115.44,17.229,-2.562,-11.217,Stator Inter-turn Insulation Breakdown
0.088911,-1.9150,144.49,115.44,16.132,0.110,-12.787,Stator Inter-turn Insulation Breakdown
0.089399,-2.0363,143.10,115.37,13.959,2.914,-13.693,Stator Inter-turn Insulation Breakdown
0.089888,-1.9940,145.75,115.49,11.508,5.483,-14.409,Stator Inter-turn Insulation Breakdown
0.090376,-1.8689,144.79,115.36,8.932,7.804,-14.476,Stator Inter-turn Insulation Breakdown
0.090865,-1.8821,145.43,115.47,5.508,9.961,-14.204,Stator Inter-turn Insulation Breakdown
0.091353,-1.5406,143.52,115.48,1.986,11.803,-13.436,Stator Inter-turn Insulation Breakdown
0.091842,-1.2499,146.40,115.40,-1.151,13.335,-12.154,Stator Inter-turn Insulation Breakdown
0.092330,-0.8232,143.81,115.46,-4.424,14.020,-10.400,Stator Inter-turn Insulation Breakdown
0.092819,-0.6690,145.77,115.45,-7.804,14.757,-8.419,Stator Inter-turn Insulation Breakdown
0.093307,-0.8445,145.12,115.43,-11.391,14.645,-5.947,Stator Inter-turn Insulation Breakdown
0.093796,-0.5767,144.81,115.44,-13.744,14.247,-3.665,Stator Inter-turn Insulation Breakdown
0.094284,-0.7061,144.73,115.44,-15.675,13.275,-0.759,Stator Inter-turn Insulation Breakdown
0.094773,-0.5916,144.36,115.45,-17.366,11.639,1.616,Stator Inter-turn Insulation Breakdown
0.095261,-0.7149,146.30,115.44,-18.430,9.948,4.440,Stator Inter-turn Insulation Breakdown
0.095750,-1.0495,145.01,115.35,-18.987,7.815,6.866,Stator Inter-turn Insulation Breakdown
0.096238,-1.3139,143.73,115.43,-18.862,5.373,8.987,Stator Inter-turn Insulation Breakdown
0.096727,-1.4312,144.62,115.46,-17.342,2.735,10.863,Stator Inter-turn Insulation Breakdown
0.097215,-1.5034,145.13,115.45,-16.300,-0.084,12.516,Stator Inter-turn Insulation Breakdown
0.097704,-1.6241,145.90,115.52,-14.187,-2.780,13.759,Stator Inter-turn Insulation Breakdown
0.098192,-1.5922,144.40,115.49,-11.841,-5.431,14.358,Stator Inter-turn Insulation Breakdown
0.098681,-1.4880,144.46,115.37,-8.959,-7.680,14.491,Stator Inter-turn Insulation Breakdown
0.099170,-0.6672,145.02,115.43,-5.803,-9.927,14.413,Stator Inter-turn Insulation Breakdown
0.099658,-0.3935,145.87,115.41,-2.641,-11.765,13.354,Stator Inter-turn Insulation Breakdown
0.100147,0.0053,143.63,115.44,0.735,-13.377,12.289,Stator Inter-turn Insulation Breakdown
0.100635,0.5489,145.51,115.44,4.535,-14.210,10.463,Stator Inter-turn Insulation Breakdown
0.101124,0.5297,144.54,115.49,7.765,-14.663,8.414,Stator Inter-turn Insulation Breakdown
0.101612,0.7351,144.68,115.45,10.923,-14.932,6.151,Stator Inter-turn Insulation Breakdown
0.102101,1.2278,147.00,115.54,13.527,-14.324,3.749,Stator Inter-turn Insulation Breakdown
0.102589,1.2786,144.80,115.46,15.411,-13.468,0.900,Stator Inter-turn Insulation Breakdown
0.103078,0.9355,145.75,115.37,17.464,-11.943,-1.618,Stator Inter-turn Insulation Breakdown
0.103566,1.1261,145.72,115.40,18.473,-10.178,-4.372,Stator Inter-turn Insulation Breakdown
0.104055,0.8362,143.82,115.49,18.921,-7.896,-6.838,Stator Inter-turn Insulation Breakdown
0.104543,0.5832,143.15,115.31,19.061,-5.495,-8.975,Stator Inter-turn Insulation Breakdown
0.105032,0.4846,145.82,115.33,18.218,-2.774,-10.749,Stator Inter-turn Insulation Breakdown
0.105520,0.0554,143.92,115.44,16.543,-0.202,-12.637,Stator Inter-turn Insulation Breakdown
0.106009,0.3021,143.34,115.52,14.559,2.550,-13.629,Stator Inter-turn Insulation Breakdown
0.106497,0.3501,146.03,115.55,12.215,5.089,-14.424,Stator Inter-turn Insulation Breakdown
0.106986,0.6993,143.98,115.43,9.028,7.489,-14.646,Stator Inter-turn Insulation Breakdown
0.107474,0.8323,144.23,115.53,5.868,9.880,-14.202,Stator Inter-turn Insulation Breakdown
0.107963,1.2458,146.97,115.45,2.752,11.787,-13.621,Stator Inter-turn Insulation Breakdown
0.108451,1.0796,143.34,115.32,-1.008,13.204,-12.422,Stator Inter-turn Insulation Breakdown
0.108940,1.6270,143.74,115.44,-4.143,14.174,-10.614,Stator Inter-turn Insulation Breakdown
0.109428,2.0681,144.54,115.39,-7.511,14.612,-8.493,Stator Inter-turn Insulation Breakdown
0.109917,2.0796,144.76,115.52,-10.740,14.874,-6.278,Stator Inter-turn Insulation Breakdown
0.110405,2.2826,144.11,115.44,-13.232,14.370,-3.979,Stator Inter-turn Insulation Breakdown
0.110894,1.7964,143.84,115.34,-15.197,13.582,-1.255,Stator Inter-turn Insulation Breakdown
0.111383,1.9765,146.51,115.32,-17.140,11.879,1.589,Stator Inter-turn Insulation Breakdown
0.111871,1.4800,145.26,115.44,-18.257,10.290,4.284,Stator Inter-turn Insulation Breakdown
0.112360,1.1154,145.59,115.25,-18.708,8.123,6.643,Stator Inter-turn Insulation Breakdown
0.112848,1.0035,144.86,115.40,-18.547,5.625,8.834,Stator Inter-turn Insulation Breakdown
0.113337,0.6772,145.29,115.46,-17.939,3.196,11.027,Stator Inter-turn Insulation Breakdown
0.113825,0.3613,145.93,115.36,-16.433,0.396,12.457,Stator Inter-turn Insulation Breakdown
0.114314,0.2979,144.00,115.53,-14.784,-2.453,13.586,Stator Inter-turn Insulation Breakdown
0.114802,0.0668,145.26,115.54,-12.313,-5.007,14.288,Stator Inter-turn Insulation Breakdown
0.115291,-0.2576,145.70,115.36,-9.455,-7.557,14.480,Stator Inter-turn Insulation Breakdown
0.115779,-0.0442,146.54,115.42,-6.079,-9.723,14.623,Stator Inter-turn Insulation Breakdown
0.116268,0.0162,146.95,115.53,-2.785,-11.493,13.737,Stator Inter-turn Insulation Breakdown
0.116756,0.5396,145.07,115.45,0.608,-12.961,12.325,Stator Inter-turn Insulation Breakdown
0.117245,0.5572,146.14,115.34,4.203,-14.092,10.940,Stator Inter-turn Insulation Breakdown
0.117733,0.4736,142.33,115.44,7.433,-14.766,8.832,Stator Inter-turn Insulation Breakdown
0.118222,0.6674,146.55,115.38,10.343,-14.733,6.541,Stator Inter-turn Insulation Breakdown
0.118710,0.2874,144.27,115.54,12.886,-14.279,3.918,Stator Inter-turn Insulation Breakdown
0.119199,0.3418,144.76,115.50,15.178,-13.644,1.299,Stator Inter-turn Insulation Breakdown
0.119687,-0.1019,145.44,115.42,16.779,-12.075,-1.339,Stator Inter-turn Insulation Breakdown
0.120176,-0.5568,144.85,115.46,18.254,-10.337,-4.172,Stator Inter-turn Insulation Breakdown
0.120664,-0.5734,145.20,115.34,18.589,-8.105,-6.529,Stator Inter-turn Insulation Breakdown
0.121153,-0.9494,146.59,115.39,18.565,-5.767,-8.766,Stator Inter-turn Insulation Breakdown
0.121641,-1.3787,144.62,115.57,17.909,-3.166,-10.626,Stator Inter-turn Insulation Breakdown
0.122130,-1.7665,143.91,115.45,16.807,-0.563,-12.444,Stator Inter-turn Insulation Breakdown
0.122618,-2.1229,146.81,115.52,14.887,2.203,-13.508,Stator Inter-turn Insulation Breakdown
0.123107,-2.1868,145.53,115.47,12.295,4.940,-14.543,Stator Inter-turn Insulation Breakdown
0.123596,-2.1212,146.92,115.55,9.749,7.318,-14.483,Stator Inter-turn Insulation Breakdown
0.124084,-1.8698,145.86,115.29,5.961,9.573,-14.459,Stator Inter-turn Insulation Breakdown
0.124573,-1.4528,143.68,115.43,3.392,11.310,-13.638,Stator Inter-turn Insulation Breakdown
0.125061,-1.1893,145.65,115.58,-0.294,12.977,-12.432,Stator Inter-turn Insulation Breakdown
0.125550,-1.3231,144.02,115.53,-3.847,13.864,-10.851,Stator Inter-turn Insulation Breakdown
0.126038,-0.9388,145.01,115.56,-7.349,14.619,-8.914,Stator Inter-turn Insulation Breakdown
0.126527,-0.7659,144.92,115.45,-10.320,14.786,-6.758,Stator Inter-turn Insulation Breakdown
0.127015,-0.9470,143.38,115.41,-12.826,14.466,-4.229,Stator Inter-turn Insulation Breakdown
0.127504,-0.4875,144.19,115.37,-15.098,13.412,-1.406,Stator Inter-turn Insulation Breakdown
0.127992,-0.7053,147.21,115.36,-16.853,12.215,1.119,Stator Inter-turn Insulation Breakdown
0.128481,-0.8536,145.24,115.52,-18.321,10.579,3.813,Stator Inter-turn Insulation Breakdown
0.128969,-0.8458,144.82,115.49,-18.934,8.269,6.190,Stator Inter-turn Insulation Breakdown
0.129458,-1.2516,146.81,115.45,-18.648,5.797,8.727,Stator Inter-turn Insulation Breakdown
0.129946,-1.5142,144.60,115.49,-17.840,3.399,10.518,Stator Inter-turn Insulation Breakdown
0.130435,-1.4806,144.91,115.46,-16.692,0.554,12.390,Stator Inter-turn Insulation Breakdown
0.130923,-1.4291,145.99,115.53,-14.530,-2.127,13.425,Stator Inter-turn Insulation Breakdown
0.131412,-1.4541,144.60,115.53,-12.452,-4.603,14.408,Stator Inter-turn Insulation Breakdown
0.131900,-1.1934,144.25,115.37,-9.670,-6.998,14.599,Stator Inter-turn Insulation Breakdown
0.132389,-1.0173,142.75,115.47,-6.419,-9.534,14.340,Stator Inter-turn Insulation Breakdown
0.132877,-0.6322,144.06,115.32,-2.972,-11.436,13.866,Stator Inter-turn Insulation Breakdown
0.133366,-0.1885,144.05,115.46,-0.039,-12.951,12.547,Stator Inter-turn Insulation Breakdown
0.133854,0.0954,145.16,115.50,3.446,-14.070,10.940,Stator Inter-turn Insulation Breakdown
0.134343,0.4967,144.39,115.35,6.921,-14.456,9.118,Stator Inter-turn Insulation Breakdown
0.134831,1.0879,147.16,115.42,10.694,-14.841,6.625,Stator Inter-turn Insulation Breakdown
0.135320,1.3833,143.94,115.45,12.748,-14.465,4.037,Stator Inter-turn Insulation Breakdown
0.135809,1.4124,146.40,115.47,15.081,-13.415,1.778,Stator Inter-turn Insulation Breakdown
0.136297,0.9605,145.22,115.43,17.023,-12.210,-1.106,Stator Inter-turn Insulation Breakdown
0.136786,0.8425,145.81,115.36,18.318,-10.445,-3.586,Stator Inter-turn Insulation Breakdown
0.137274,0.7129,145.75,115.45,18.766,-8.554,-6.193,Stator Inter-turn Insulation Breakdown
0.137763,0.7231,142.78,115.32,18.941,-6.150,-8.630,Stator Inter-turn Insulation Breakdown
0.138251,0.1071,144.99,115.44,17.813,-3.628,-10.481,Stator Inter-turn Insulation Breakdown
0.138740,0.3151,144.74,115.42,16.631,-0.752,-12.254,Stator Inter-turn Insulation Breakdown
0.139228,0.5670,143.87,115.44,15.182,2.010,-13.580,Stator Inter-turn Insulation Breakdown
0.139717,0.5499,145.46,115.41,12.611,4.484,-14.380,Stator Inter-turn Insulation Breakdown
0.140205,0.4696,146.72,115.34,9.590,7.010,-14.768,Stator Inter-turn Insulation Breakdown
0.140694,0.7095,142.33,115.43,6.478,9.279,-14.381,Stator Inter-turn Insulation Breakdown
0.141182,1.1491,144.47,115.53,3.252,11.105,-13.853,Stator Inter-turn Insulation Breakdown
0.141671,1.5208,143.75,115.56,-0.028,12.761,-12.636,Stator Inter-turn Insulation Breakdown
0.142159,1.6052,145.07,115.65,-3.378,14.040,-11.097,Stator Inter-turn Insulation Breakdown
0.142648,1.9041,144.67,115.59,-6.862,14.538,-9.244,Stator Inter-turn Insulation Breakdown
0.143136,2.0244,144.39,115.36,-9.814,14.802,-7.064,Stator Inter-turn Insulation Breakdown
0.143625,1.9719,145.69,115.42,-12.739,14.330,-4.186,Stator Inter-turn Insulation Breakdown
0.144113,2.0826,146.64,115.46,-14.740,13.624,-1.823,Stator Inter-turn Insulation Breakdown
0.144602,1.9007,147.66,115.45,-16.300,12.299,1.048,Stator Inter-turn Insulation Breakdown
0.145090,1.4886,144.26,115.46,-18.146,10.533,3.637,Stator Inter-turn Insulation Breakdown
0.145579,1.4397,143.18,115.65,-18.618,8.673,6.023,Stator Inter-turn Insulation Breakdown
0.146067,1.0500,145.56,115.37,-18.647,6.326,8.404,Stator Inter-turn Insulation Breakdown
0.146556,0.7260,146.61,115.40,-18.079,3.582,10.448,Stator Inter-turn Insulation Breakdown
0.147044,0.1976,145.81,115.59,-16.744,0.969,12.311,Stator Inter-turn Insulation Breakdown
0.147533,-0.2166,146.61,115.41,-14.975,-1.725,13.494,Stator Inter-turn Insulation Breakdown
0.148021,0.0150,144.77,115.49,-12.852,-4.574,14.160,Stator Inter-turn Insulation Breakdown
0.148510,-0.1900,144.39,115.54,-9.750,-7.046,14.625,Stator Inter-turn Insulation Breakdown
0.148999,-0.1678,145.12,115.50,-6.890,-9.058,14.525,Stator Inter-turn Insulation Breakdown
0.149487,-0.0973,144.67,115.48,-3.690,-11.263,13.694,Stator Inter-turn Insulation Breakdown
0.149976,0.2126,145.66,115.54,0.316,-12.623,12.760,Stator Inter-turn Insulation Breakdown
0.150464,0.6529,145.97,115.39,3.249,-14.044,11.315,Stator Inter-turn Insulation Breakdown
0.150953,0.4648,146.05,115.42,6.658,-14.534,9.186,Stator Inter-turn Insulation Breakdown
0.151441,0.4308,145.51,115.50,9.754,-14.828,6.978,Stator Inter-turn Insulation Breakdown
0.151930,0.6517,145.25,115.30,12.476,-14.511,4.705,Stator Inter-turn Insulation Breakdown
0.152418,0.4349,145.79,115.57,14.951,-13.514,1.938,Stator Inter-turn Insulation Breakdown
0.152907,-0.1548,143.04,115.49,16.550,-12.568,-0.807,Stator Inter-turn Insulation Breakdown
0.153395,-0.0666,145.21,115.47,18.130,-10.705,-3.280,Stator Inter-turn Insulation Breakdown
0.153884,-0.2296,145.05,115.33,18.341,-8.667,-5.855,Stator Inter-turn Insulation Breakdown
0.154372,-1.3386,145.21,115.36,18.484,-6.050,-8.248,Stator Inter-turn Insulation Breakdown
0.154861,-1.5100,144.91,115.43,18.525,-3.940,-10.210,Stator Inter-turn Insulation Breakdown
0.155349,-2.0668,145.43,115.53,16.711,-1.212,-11.919,Stator Inter-turn Insulation Breakdown
0.155838,-1.8736,144.43,115.30,14.799,1.653,-13.356,Stator Inter-turn Insulation Breakdown
0.156326,-1.8252,146.13,115.53,12.659,4.220,-14.008,Stator Inter-turn Insulation Breakdown
0.156815,-1.9524,145.47,115.43,10.532,6.719,-14.424,Stator Inter-turn Insulation Breakdown
0.157303,-1.6458,145.15,115.45,6.759,9.157,-14.665,Stator Inter-turn Insulation Breakdown
0.157792,-1.5303,144.30,115.48,3.620,11.024,-13.964,Stator Inter-turn Insulation Breakdown
0.158280,-1.1462,145.82,115.48,0.083,12.578,-13.013,Stator Inter-turn Insulation Breakdown
0.158769,-0.9583,145.21,115.41,-3.128,13.927,-11.313,Stator Inter-turn Insulation Breakdown
0.159257,-0.9466,144.24,115.51,-6.505,14.611,-9.513,Stator Inter-turn Insulation Breakdown
0.159746,-0.6871,144.94,115.28,-9.642,14.768,-7.268,Stator Inter-turn Insulation Breakdown
0.160234,-0.7206,145.63,115.43,-11.979,14.489,-4.629,Stator Inter-turn Insulation Breakdown
0.160723,-0.6128,145.55,115.48,-14.977,13.668,-2.304,Stator Inter-turn Insulation Breakdown
0.161212,-0.6500,145.49,115.44,-16.646,12.600,0.566,Stator Inter-turn Insulation Breakdown
0.161700,-0.8307,145.09,115.32,-17.884,10.837,3.227,Stator Inter-turn Insulation Breakdown
0.162189,-0.8255,146.03,115.53,-18.867,8.773,5.760,Stator Inter-turn Insulation Breakdown
0.162677,-1.3000,146.24,115.37,-18.661,6.400,8.140,Stator Inter-turn Insulation Breakdown
0.163166,-1.5902,145.74,115.46,-18.291,4.025,9.988,Stator Inter-turn Insulation Breakdown
0.163654,-1.7201,144.41,115.48,-16.974,1.257,11.868,Stator Inter-turn Insulation Breakdown
0.164143,-1.5405,143.94,115.47,-15.331,-1.615,13.438,Stator Inter-turn Insulation Breakdown
0.164631,-1.7895,144.46,115.56,-13.462,-4.208,14.049,Stator Inter-turn Insulation Breakdown
0.165120,-1.4357,146.95,115.46,-10.092,-6.647,14.741,Stator Inter-turn Insulation Breakdown
0.165608,-0.9287,145.28,115.50,-6.890,-8.956,14.346,Stator Inter-turn Insulation Breakdown
0.166097,-0.7247,147.13,115.46,-4.044,-10.969,13.757,Stator Inter-turn Insulation Breakdown
0.166585,-0.3722,144.88,115.52,-0.757,-12.622,12.767,Stator Inter-turn Insulation Breakdown
0.167074,0.0504,144.74,115.58,3.175,-13.945,11.492,Stator Inter-turn Insulation Breakdown
0.167562,0.2872,144.93,115.48,6.606,-14.632,9.457,Stator Inter-turn Insulation Breakdown
0.168051,0.6324,144.91,115.53,9.337,-14.682,7.357,Stator Inter-turn Insulation Breakdown
0.168539,0.9577,144.23,115.58,12.153,-14.451,4.893,Stator Inter-turn Insulation Breakdown
0.169028,1.1460,143.85,115.58,14.595,-13.759,2.278,Stator Inter-turn Insulation Breakdown
0.169516,1.2582,145.50,115.44,16.195,-12.563,-0.268,Stator Inter-turn Insulation Breakdown
0.170005,1.0470,146.05,115.55,17.832,-10.890,-2.985,Stator Inter-turn Insulation Breakdown
0.170493,1.0856,147.44,115.49,18.989,-9.089,-5.739,Stator Inter-turn Insulation Breakdown
0.170982,0.9402,144.57,115.56,18.737,-6.667,-8.024,Stator Inter-turn Insulation Breakdown
0.171470,0.6408,144.65,115.51,18.052,-4.251,-9.924,Stator Inter-turn Insulation Breakdown
0.171959,0.5695,144.23,115.49,17.232,-1.577,-11.826,Stator Inter-turn Insulation Breakdown
0.172447,0.1737,146.13,115.50,15.292,1.292,-13.368,Stator Inter-turn Insulation Breakdown
0.172936,0.1781,145.81,115.49,13.183,4.029,-14.273,Stator Inter-turn Insulation Breakdown
0.173425,0.5541,144.12,115.49,10.267,6.461,-14.475,Stator Inter-turn Insulation Breakdown
0.173913,0.4905,144.10,115.46,7.283,8.973,-14.435,Stator Inter-turn Insulation Breakdown
0.174402,0.9312,145.95,115.45,4.353,10.858,-14.049,Stator Inter-turn Insulation Breakdown
0.174890,1.4092,145.38,115.61,0.802,12.422,-12.861,Stator Inter-turn Insulation Breakdown
0.175379,1.8218,145.76,115.51,-2.829,13.631,-11.317,Stator Inter-turn Insulation Breakdown
0.175867,1.8461,144.12,115.42,-6.013,14.616,-9.485,Stator Inter-turn Insulation Breakdown
0.176356,1.9843,143.12,115.45,-9.317,14.812,-7.297,Stator Inter-turn Insulation Breakdown
0.176844,2.2241,144.13,115.56,-12.199,14.650,-4.978,Stator Inter-turn Insulation Breakdown
0.177333,1.9921,145.69,115.41,-14.250,13.607,-2.456,Stator Inter-turn Insulation Breakdown
0.177821,1.9873,147.11,115.35,-16.276,12.719,0.199,Stator Inter-turn Insulation Breakdown
0.178310,1.7701,144.57,115.36,-17.832,11.035,2.907,Stator Inter-turn Insulation Breakdown
0.178798,1.4496,147.28,115.33,-18.590,8.964,5.392,Stator Inter-turn Insulation Breakdown
0.179287,1.1099,145.83,115.37,-18.782,6.806,7.829,Stator Inter-turn Insulation Breakdown
0.179775,0.6141,143.61,115.38,-18.210,4.400,10.112,Stator Inter-turn Insulation Breakdown
0.180264,0.3114,145.21,115.58,-17.375,1.851,11.605,Stator Inter-turn Insulation Breakdown
0.180752,0.0600,145.86,115.47,-15.367,-1.073,12.996,Stator Inter-turn Insulation Breakdown
0.181241,-0.2271,142.57,115.44,-13.269,-3.852,14.172,Stator Inter-turn Insulation Breakdown
0.181729,0.0116,145.64,115.36,-10.740,-6.414,14.517,Stator Inter-turn Insulation Breakdown
0.182218,0.1333,146.17,115.46,-7.772,-8.583,14.330,Stator Inter-turn Insulation Breakdown
0.182706,0.2323,145.40,115.33,-4.234,-10.828,13.996,Stator Inter-turn Insulation Breakdown
0.183195,0.2322,144.94,115.44,-1.011,-12.352,12.987,Stator Inter-turn Insulation Breakdown
0.183683,0.3168,144.83,115.64,2.334,-13.650,11.530,Stator Inter-turn Insulation Breakdown
0.184172,0.6871,144.77,115.53,5.768,-14.464,9.816,Stator Inter-turn Insulation Breakdown
0.184660,0.7439,143.82,115.46,9.172,-14.953,7.459,Stator Inter-turn Insulation Breakdown
0.185149,0.6633,144.31,115.53,11.565,-14.645,5.181,Stator Inter-turn Insulation Breakdown
0.185638,0.7710,144.58,115.43,14.282,-14.073,2.572,Stator Inter-turn Insulation Breakdown
0.186126,0.2806,145.11,115.41,16.548,-12.834,-0.078,Stator Inter-turn Insulation Breakdown
0.186615,-0.0677,144.44,115.61,17.729,-11.099,-2.928,Stator Inter-turn Insulation Breakdown
0.187103,-0.4650,144.13,115.38,18.644,-9.105,-5.386,Stator Inter-turn Insulation Breakdown
0.187592,-1.0412,145.76,115.45,19.006,-6.932,-7.730,Stator Inter-turn Insulation Breakdown
0.188080,-1.0963,145.37,115.50,18.531,-4.500,-9.815,Stator Inter-turn Insulation Breakdown
0.188569,-1.5471,144.46,115.40,17.207,-1.624,-11.488,Stator Inter-turn Insulation Breakdown
0.189057,-1.7051,145.51,115.53,15.627,0.880,-13.001,Stator Inter-turn Insulation Breakdown
0.189546,-1.6480,144.55,115.45,13.662,3.514,-14.001,Stator Inter-turn Insulation Breakdown
0.190034,-2.0089,145.06,115.53,11.041,6.263,-14.411,Stator Inter-turn Insulation Breakdown
0.190523,-2.2158,145.98,115.52,7.841,8.596,-14.568,Stator Inter-turn Insulation Breakdown
0.191011,-1.6158,144.40,115.46,4.587,10.564,-13.890,Stator Inter-turn Insulation Breakdown
0.191500,-1.4239,143.83,115.61,1.236,12.337,-12.966,Stator Inter-turn Insulation Breakdown
0.191988,-1.2950,144.85,115.42,-2.000,13.662,-11.713,Stator Inter-turn Insulation Breakdown
0.192477,-0.8760,143.64,115.58,-5.439,14.469,-9.671,Stator Inter-turn Insulation Breakdown
0.192965,-0.6181,144.72,115.57,-8.702,14.837,-7.681,Stator Inter-turn Insulation Breakdown
0.193454,-0.7557,144.72,115.62,-11.945,14.583,-5.107,Stator Inter-turn Insulation Breakdown
0.193942,-0.6296,142.54,115.49,-14.277,14.033,-2.717,Stator Inter-turn Insulation Breakdown
0.194431,-0.4284,145.53,115.41,-16.277,12.857,-0.131,Stator Inter-turn Insulation Breakdown
0.194919,-0.9057,144.82,115.64,-17.411,11.247,2.523,Stator Inter-turn Insulation Breakdown
0.195408,-0.9925,146.18,115.45,-18.607,9.327,5.152,Stator Inter-turn Insulation Breakdown
0.195896,-1.6244,145.22,115.41,-18.544,7.083,7.542,Stator Inter-turn Insulation Breakdown
0.196385,-1.6663,145.74,115.46,-18.509,4.450,9.880,Stator Inter-turn Insulation Breakdown
0.196873,-1.5809,146.19,115.40,-17.471,1.877,11.575,Stator Inter-turn Insulation Breakdown
0.197362,-1.4963,144.87,115.52,-15.667,-0.773,12.849,Stator Inter-turn Insulation Breakdown
0.197851,-1.8548,145.00,115.43,-13.307,-3.608,14.025,Stator Inter-turn Insulation Breakdown
0.198339,-1.4950,143.43,115.46,-11.060,-6.111,14.536,Stator Inter-turn Insulation Breakdown
0.198828,-1.3101,146.24,115.56,-8.554,-8.182,14.505,Stator Inter-turn Insulation Breakdown
0.199316,-0.7700,144.85,115.53,-5.107,-10.620,14.114,Stator Inter-turn Insulation Breakdown
0.199805,-0.6976,143.99,115.48,-1.324,-12.276,13.143,Stator Inter-turn Insulation Breakdown
0.200293,-0.0334,145.74,115.49,1.778,-13.638,11.825,Stator Inter-turn Insulation Breakdown
0.200782,0.1999,142.82,115.48,5.287,-14.426,10.036,Stator Inter-turn Insulation Breakdown
0.201270,0.6688,144.57,115.45,8.664,-14.867,7.895,Stator Inter-turn Insulation Breakdown
0.201759,0.8955,145.91,115.48,11.081,-14.681,5.342,Stator Inter-turn Insulation Breakdown
0.202247,0.9922,144.56,115.52,14.013,-14.104,3.113,Stator Inter-turn Insulation Breakdown
0.202736,1.1380,144.28,115.47,15.897,-12.827,0.076,Stator Inter-turn Insulation Breakdown
0.203224,1.0115,144.58,115.51,17.326,-11.388,-2.459,Stator Inter-turn Insulation Breakdown
0.203713,0.8497,142.99,115.41,18.365,-9.575,-5.150,Stator Inter-turn Insulation Breakdown
0.204201,0.6398,145.72,115.43,18.585,-7.148,-7.425,Stator Inter-turn Insulation Breakdown
0.204690,0.5254,144.88,115.42,18.529,-4.841,-9.622,Stator Inter-turn Insulation Breakdown
0.205178,0.4019,144.73,115.44,17.689,-2.254,-11.498,Stator Inter-turn Insulation Breakdown
0.205667,0.1415,144.73,115.59,15.800,0.620,-12.787,Stator Inter-turn Insulation Breakdown
0.206155,0.2473,145.01,115.54,13.640,3.509,-13.848,Stator Inter-turn Insulation Breakdown
0.206644,0.2492,145.65,115.40,11.098,5.721,-14.539,Stator Inter-turn Insulation Breakdown
0.207132,0.6021,144.95,115.52,8.002,8.156,-14.483,Stator Inter-turn Insulation Breakdown
0.207621,0.7939,143.64,115.45,4.731,10.469,-13.971,Stator Inter-turn Insulation Breakdown
0.208109,1.3171,145.58,115.43,1.256,12.083,-13.104,Stator Inter-turn Insulation Breakdown
0.208598,1.6280,145.50,115.36,-2.138,13.552,-11.868,Stator Inter-turn Insulation Breakdown
0.209086,1.6816,145.21,115.56,-4.940,14.293,-10.252,Stator Inter-turn Insulation Breakdown
0.209575,2.0433,146.08,115.37,-8.620,14.791,-7.958,Stator Inter-turn Insulation Breakdown
0.210064,2.2649,145.03,115.48,-12.000,14.852,-5.550,Stator Inter-turn Insulation Breakdown
0.210552,2.1531,146.11,115.41,-14.072,13.962,-3.131,Stator Inter-turn Insulation Breakdown
0.211041,1.9620,146.41,115.55,-16.344,13.112,-0.386,Stator Inter-turn Insulation Breakdown
0.211529,1.6923,145.58,115.46,-17.543,11.565,2.283,Stator Inter-turn Insulation Breakdown
0.212018,1.6864,144.25,115.47,-18.500,9.447,5.032,Stator Inter-turn Insulation Breakdown
0.212506,1.3470,144.87,115.48,-18.789,7.426,7.514,Stator Inter-turn Insulation Breakdown
0.212995,0.8240,146.24,115.51,-18.482,4.903,9.635,Stator Inter-turn Insulation Breakdown
0.213483,0.6433,143.50,115.49,-17.598,2.264,11.376,Stator Inter-turn Insulation Breakdown
0.213972,-0.1797,144.61,115.48,-16.271,-0.428,12.980,Stator Inter-turn Insulation Breakdown
0.214460,0.2888,144.66,115.44,-13.911,-3.198,13.977,Stator Inter-turn Insulation Breakdown
0.214949,-0.0099,144.13,115.36,-11.139,-5.750,14.480,Stator Inter-turn Insulation Breakdown
0.215437,0.0556,145.87,115.40,-8.042,-8.132,14.783,Stator Inter-turn Insulation Breakdown
0.215926,0.0872,145.38,115.54,-5.231,-10.206,14.093,Stator Inter-turn Insulation Breakdown
0.216414,0.4978,144.29,115.46,-1.812,-12.209,13.341,Stator Inter-turn Insulation Breakdown
0.216903,0.2991,145.61,115.43,1.771,-13.295,12.029,Stator Inter-turn Insulation Breakdown
0.217391,0.8275,144.84,115.37,5.371,-14.454,10.177,Stator Inter-turn Insulation Breakdown
0.217880,0.7565,144.11,115.35,8.204,-14.691,8.177,Stator Inter-turn Insulation Breakdown
0.218368,0.7956,144.29,115.43,11.389,-14.689,5.856,Stator Inter-turn Insulation Breakdown
0.218857,0.5557,145.44,115.56,13.654,-14.258,3.232,Stator Inter-turn Insulation Breakdown
0.219345,0.2063,145.94,115.44,15.985,-13.032,0.592,Stator Inter-turn Insulation Breakdown
0.219834,0.2456,144.51,115.52,17.675,-11.691,-2.125,Stator Inter-turn Insulation Breakdown
0.220322,-0.2136,145.54,115.44,18.194,-9.610,-4.665,Stator Inter-turn Insulation Breakdown
0.220811,-0.4580,146.58,115.54,18.694,-7.579,-7.216,Stator Inter-turn Insulation Breakdown
0.221299,-1.0894,143.74,115.46,18.701,-5.195,-9.429,Stator Inter-turn Insulation Breakdown
0.221788,-1.4778,145.36,115.39,17.719,-2.259,-11.283,Stator Inter-turn Insulation Breakdown
0.222277,-1.4831,145.83,115.47,16.293,0.321,-12.672,Stator Inter-turn Insulation Breakdown
0.222765,-1.5777,144.90,115.64,14.201,3.094,-14.038,Stator Inter-turn Insulation Breakdown
0.223254,-1.9206,146.24,115.63,11.435,5.525,-14.558,Stator Inter-turn Insulation Breakdown
0.223742,-1.9791,147.20,115.53,9.025,7.834,-14.355,Stator Inter-turn Insulation Breakdown
0.224231,-1.5913,145.34,115.48,5.404,10.333,-14.176,Stator Inter-turn Insulation Breakdown
0.224719,-1.5283,144.77,115.51,1.376,11.963,-13.385,Stator Inter-turn Insulation Breakdown
0.225208,-1.1440,145.98,115.52,-1.526,13.406,-11.955,Stator Inter-turn Insulation Breakdown
0.225696,-1.0218,145.84,115.49,-4.971,14.364,-10.396,Stator Inter-turn Insulation Breakdown
0.226185,-0.5395,142.48,115.53,-7.961,14.723,-8.461,Stator Inter-turn Insulation Breakdown
0.226673,-0.7422,145.00,115.51,-11.178,14.738,-5.870,Stator Inter-turn Insulation Breakdown
0.227162,-0.5189,144.61,115.47,-13.461,14.336,-3.434,Stator Inter-turn Insulation Breakdown
0.227650,-0.7135,145.40,115.40,-15.699,13.155,-0.692,Stator Inter-turn Insulation Breakdown
0.228139,-0.8178,144.81,115.45,-17.606,11.789,2.014,Stator Inter-turn Insulation Breakdown
0.228627,-1.0368,144.91,115.56,-18.441,9.637,4.610,Stator Inter-turn Insulation Breakdown
0.229116,-1.0952,144.14,115.49,-18.952,7.757,6.885,Stator Inter-turn Insulation Breakdown
0.229604,-1.2930,145.73,115.52,-18.508,5.042,9.280,Stator Inter-turn Insulation Breakdown
0.230093,-1.5273,146.66,115.47,-17.822,2.670,11.230,Stator Inter-turn Insulation Breakdown
0.230581,-1.7292,144.15,115.41,-16.174,-0.105,12.574,Stator Inter-turn Insulation Breakdown
0.231070,-1.6916,143.60,115.47,-14.220,-2.861,13.662,Stator Inter-turn Insulation Breakdown
0.231558,-1.4636,145.02,115.41,-11.692,-5.473,14.339,Stator Inter-turn Insulation Breakdown
0.232047,-1.2332,144.97,115.41,-8.354,-7.915,14.664,Stator Inter-turn Insulation Breakdown
0.232535,-1.4559,146.17,115.59,-5.642,-10.131,14.039,Stator Inter-turn Insulation Breakdown
0.233024,-0.7073,143.77,115.46,-2.575,-11.890,13.491,Stator Inter-turn Insulation Breakdown
0.233512,-0.2854,144.46,115.43,1.472,-13.066,12.162,Stator Inter-turn Insulation Breakdown
0.234001,0.2519,142.85,115.62,4.884,-14.126,10.402,Stator Inter-turn Insulation Breakdown
0.234489,0.4950,146.37,115.56,7.541,-14.830,8.232,Stator Inter-turn Insulation Breakdown
0.234978,0.8851,145.25,115.46,10.784,-14.704,5.969,Stator Inter-turn Insulation Breakdown
0.235467,0.7860,144.54,115.53,13.628,-14.212,3.591,Stator Inter-turn Insulation Breakdown
0.235955,1.0489,143.68,115.48,15.805,-13.244,0.984,Stator Inter-turn Insulation Breakdown
0.236444,1.1062,143.77,115.44,17.328,-11.892,-1.928,Stator Inter-turn Insulation Breakdown
0.236932,0.6311,145.41,115.53,18.374,-9.910,-4.333,Stator Inter-turn Insulation Breakdown
0.237421,1.0615,143.89,115.47,18.604,-7.696,-6.850,Stator Inter-turn Insulation Breakdown
0.237909,0.6836,145.10,115.50,18.097,-5.426,-9.157,Stator Inter-turn Insulation Breakdown
0.238398,0.3520,147.04,115.58,18.144,-2.530,-11.157,Stator Inter-turn Insulation Breakdown
0.238886,0.1344,144.65,115.57,16.097,0.137,-12.695,Stator Inter-turn Insulation Breakdown
0.239375,0.2242,144.04,115.45,14.332,2.750,-13.580,Stator Inter-turn Insulation Breakdown
0.239863,0.3521,145.38,115.53,11.788,5.192,-14.404,Stator Inter-turn Insulation Breakdown
0.240352,0.5903,143.77,115.41,9.122,7.795,-14.461,Stator Inter-turn Insulation Breakdown
0.240840,1.0137,146.72,115.53,5.786,9.960,-14.249,Stator Inter-turn Insulation Breakdown
0.241329,1.0338,146.40,115.51,2.419,11.825,-13.514,Stator Inter-turn Insulation Breakdown
0.241817,1.5223,144.84,115.53,-1.594,13.376,-12.151,Stator Inter-turn Insulation Breakdown
0.242306,1.5533,144.10,115.47,-4.653,14.195,-10.321,Stator Inter-turn Insulation Breakdown
0.242794,1.9331,144.57,115.66,-7.605,14.933,-8.572,Stator Inter-turn Insulation Breakdown
0.243283,2.2074,144.70,115.43,-10.628,14.786,-6.100,Stator Inter-turn Insulation Breakdown
0.243771,2.2979,145.38,115.58,-13.591,14.235,-3.646,Stator Inter-turn Insulation Breakdown
0.244260,2.0055,146.04,115.42,-15.904,13.541,-1.160,Stator Inter-turn Insulation Breakdown
0.244748,1.8657,143.96,115.54,-17.224,11.970,1.522,Stator Inter-turn Insulation Breakdown
0.245237,1.8747,146.01,115.54,-18.908,10.026,4.252,Stator Inter-turn Insulation Breakdown
0.245725,1.4961,145.62,115.50,-19.014,7.923,6.815,Stator Inter-turn Insulation Breakdown
0.246214,1.0000,144.49,115.46,-18.255,5.555,9.121,Stator Inter-turn Insulation Breakdown
0.246702,0.3006,143.91,115.51,-17.511,2.866,10.824,Stator Inter-turn Insulation Breakdown
0.247191,0.7361,145.12,115.52,-16.293,0.188,12.622,Stator Inter-turn Insulation Breakdown
0.247680,0.1627,143.94,115.64,-14.366,-2.621,13.697,Stator Inter-turn Insulation Breakdown
0.248168,0.0227,146.02,115.43,-12.366,-5.335,14.397,Stator Inter-turn Insulation Breakdown
0.248657,-0.0066,143.88,115.45,-9.268,-7.608,14.657,Stator Inter-turn Insulation Breakdown
0.249145,0.2151,145.55,115.52,-6.014,-9.799,14.480,Stator Inter-turn Insulation Breakdown
0.249634,0.3627,144.92,115.48,-2.732,-11.624,13.559,Stator Inter-turn Insulation Breakdown
0.250122,0.6182,144.44,115.49,0.795,-13.202,12.159,Stator Inter-turn Insulation Breakdown
0.250611,0.4944,144.90,115.59,4.550,-14.302,10.626,Stator Inter-turn Insulation Breakdown
0.251099,0.6942,146.08,115.27,7.461,-14.808,8.720,Stator Inter-turn Insulation Breakdown
0.251588,1.0730,143.81,115.45,10.524,-14.653,6.421,Stator Inter-turn Insulation Breakdown
0.252076,0.7294,144.59,115.36,13.406,-14.373,3.883,Stator Inter-turn Insulation Breakdown
0.252565,0.4906,144.25,115.41,15.191,-13.414,1.120,Stator Inter-turn Insulation Breakdown
0.253053,0.0976,144.96,115.69,17.000,-12.012,-1.650,Stator Inter-turn Insulation Breakdown
0.253542,-0.0397,144.32,115.55,18.133,-10.249,-4.088,Stator Inter-turn Insulation Breakdown
0.254030,-0.3601,143.23,115.58,18.786,-8.118,-6.762,Stator Inter-turn Insulation Breakdown
0.254519,-0.7888,143.94,115.50,18.566,-5.725,-8.840,Stator Inter-turn Insulation Breakdown
0.255007,-1.3299,146.64,115.56,17.801,-2.897,-10.808,Stator Inter-turn Insulation Breakdown
0.255496,-1.5377,145.25,115.36,16.356,-0.265,-12.523,Stator Inter-turn Insulation Breakdown
0.255984,-1.5437,145.21,115.59,14.342,2.507,-13.665,Stator Inter-turn Insulation Breakdown
0.256473,-1.7229,144.72,115.44,12.253,5.162,-14.350,Stator Inter-turn Insulation Breakdown
0.256961,-1.9752,144.95,115.46,9.228,7.247,-14.661,Stator Inter-turn Insulation Breakdown
0.257450,-2.1115,144.57,115.54,6.270,9.728,-14.474,Stator Inter-turn Insulation Breakdown
0.257938,-1.4804,145.53,115.53,2.566,11.519,-13.591,Stator Inter-turn Insulation Breakdown
0.258427,-1.1583,145.10,115.51,-0.797,13.182,-12.372,Stator Inter-turn Insulation Breakdown
0.258915,-1.1910,143.83,115.39,-4.137,14.047,-10.615,Stator Inter-turn Insulation Breakdown
0.259404,-0.8126,145.25,115.51,-7.410,14.588,-8.839,Stator Inter-turn Insulation Breakdown
0.259893,-0.7005,142.54,115.58,-10.274,14.626,-6.367,Stator Inter-turn Insulation Breakdown
0.260381,-0.5822,145.41,115.46,-13.200,14.316,-4.082,Stator Inter-turn Insulation Breakdown
0.260870,-0.7121,143.59,115.61,-15.210,13.528,-1.462,Stator Inter-turn Insulation Breakdown
0.261358,-0.5589,144.90,115.43,-17.010,12.099,1.327,Stator Inter-turn Insulation Breakdown
0.261847,-0.9224,143.81,115.51,-18.254,10.182,3.902,Stator Inter-turn Insulation Breakdown
0.262335,-1.3083,145.00,115.63,-18.954,8.397,6.365,Stator Inter-turn Insulation Breakdown
0.262824,-1.2733,145.58,115.45,-18.509,5.850,8.979,Stator Inter-turn Insulation Breakdown
0.263312,-1.7989,146.50,115.59,-18.111,3.270,10.726,Stator Inter-turn Insulation Breakdown
0.263801,-1.5436,143.46,115.66,-16.589,0.621,12.625,Stator Inter-turn Insulation Breakdown
0.264289,-1.6166,145.98,115.52,-14.694,-2.389,13.498,Stator Inter-turn Insulation Breakdown
0.264778,-1.4728,145.13,115.46,-12.326,-4.958,14.170,Stator Inter-turn Insulation Breakdown
0.265266,-1.5074,144.55,115.44,-9.549,-7.262,14.729,Stator Inter-turn Insulation Breakdown
0.265755,-1.2605,145.76,115.61,-6.501,-9.654,14.292,Stator Inter-turn Insulation Breakdown
0.266243,-0.8021,144.76,115.61,-3.311,-11.506,13.657,Stator Inter-turn Insulation Breakdown
0.266732,-0.4176,145.72,115.62,0.742,-13.003,12.325,Stator Inter-turn Insulation Breakdown
0.267220,-0.0947,144.01,115.50,3.797,-14.200,10.853,Stator Inter-turn Insulation Breakdown
0.267709,0.2875,144.37,115.59,7.172,-14.710,8.749,Stator Inter-turn Insulation Breakdown
0.268197,0.6087,145.94,115.50,10.230,-14.687,6.607,Stator Inter-turn Insulation Breakdown
0.268686,0.6837,146.49,115.44,13.188,-14.311,4.071,Stator Inter-turn Insulation Breakdown
0.269174,1.0487,144.96,115.60,15.628,-13.392,1.507,Stator Inter-turn Insulation Breakdown
0.269663,0.9236,142.21,115.64,17.031,-12.064,-1.139,Stator Inter-turn Insulation Breakdown
0.270151,0.7841,144.80,115.43,18.151,-10.375,-3.821,Stator Inter-turn Insulation Breakdown
0.270640,0.5063,145.03,115.43,18.525,-8.281,-6.315,Stator Inter-turn Insulation Breakdown
0.271128,0.3210,144.77,115.51,18.395,-5.906,-8.670,Stator Inter-turn Insulation Breakdown
0.271617,0.6257,145.34,115.59,17.631,-3.410,-10.709,Stator Inter-turn Insulation Breakdown
0.272106,0.1348,144.52,115.42,16.520,-0.754,-12.264,Stator Inter-turn Insulation Breakdown
0.272594,0.2945,145.84,115.53,14.390,1.999,-13.551,Stator Inter-turn Insulation Breakdown
0.273083,0.2973,143.83,115.46,12.653,4.684,-14.318,Stator Inter-turn Insulation Breakdown
0.273571,0.0241,146.24,115.57,9.729,7.140,-14.559,Stator Inter-turn Insulation Breakdown
0.274060,0.9618,146.55,115.45,6.476,9.493,-14.495,Stator Inter-turn Insulation Breakdown
0.274548,1.1077,144.09,115.57,3.409,11.397,-13.556,Stator Inter-turn Insulation Breakdown
0.275037,1.2274,144.09,115.50,-0.474,12.949,-12.567,Stator Inter-turn Insulation Breakdown
0.275525,1.6617,145.41,115.44,-3.862,14.057,-10.949,Stator Inter-turn Insulation Breakdown
0.276014,1.7643,143.81,115.52,-7.398,14.772,-9.014,Stator Inter-turn Insulation Breakdown
0.276502,2.3955,144.51,115.36,-9.932,14.786,-6.688,Stator Inter-turn Insulation Breakdown
0.276991,2.0614,146.10,115.47,-12.984,14.522,-4.235,Stator Inter-turn Insulation Breakdown
0.277479,2.0763,145.74,115.54,-15.119,13.619,-1.645,Stator Inter-turn Insulation Breakdown
0.277968,1.8884,146.98,115.37,-16.712,12.368,1.190,Stator Inter-turn Insulation Breakdown
0.278456,1.7572,145.17,115.31,-17.856,10.689,3.374,Stator Inter-turn Insulation Breakdown
0.278945,1.6320,144.39,115.32,-18.740,8.503,6.342,Stator Inter-turn Insulation Breakdown
0.279433,1.3475,145.05,115.62,-18.628,6.087,8.624,Stator Inter-turn Insulation Breakdown
0.279922,0.6830,144.85,115.51,-18.224,3.512,10.374,Stator Inter-turn Insulation Breakdown
0.280410,0.5113,144.86,115.47,-16.435,0.763,12.319,Stator Inter-turn Insulation Breakdown
0.280899,0.2560,144.98,115.59,-14.965,-1.961,13.586,Stator Inter-turn Insulation Breakdown
0.281387,-0.0194,144.07,115.48,-12.571,-4.475,14.335,Stator Inter-turn Insulation Breakdown
0.281876,0.4744,145.28,115.53,-9.899,-7.163,14.439,Stator Inter-turn Insulation Breakdown
0.282364,0.3873,143.59,115.52,-6.475,-9.167,14.486,Stator Inter-turn Insulation Breakdown
0.282853,0.3488,144.28,115.48,-3.346,-11.290,13.853,Stator Inter-turn Insulation Breakdown
0.283341,0.7282,144.88,115.54,0.210,-12.554,12.564,Stator Inter-turn Insulation Breakdown
0.283830,0.8385,142.74,115.58,3.570,-14.040,11.108,Stator Inter-turn Insulation Breakdown
0.284319,0.7924,145.77,115.50,6.779,-14.604,9.097,Stator Inter-turn Insulation Breakdown
0.284807,0.8779,142.95,115.48,10.102,-14.828,6.981,Stator Inter-turn Insulation Breakdown
0.285296,1.0076,145.67,115.49,12.742,-14.535,4.387,Stator Inter-turn Insulation Breakdown
0.285784,0.4839,143.71,115.33,14.810,-13.524,1.737,Stator Inter-turn Insulation Breakdown
0.286273,0.6199,144.60,115.54,16.625,-12.454,-0.892,Stator Inter-turn Insulation Breakdown
0.286761,-0.0054,145.52,115.42,18.105,-10.707,-3.676,Stator Inter-turn Insulation Breakdown
0.287250,-0.1369,147.20,115.57,18.898,-8.516,-6.090,Stator Inter-turn Insulation Breakdown
0.287738,-0.7761,145.12,115.51,19.052,-6.146,-8.368,Stator Inter-turn Insulation Breakdown
0.288227,-1.1099,143.02,115.52,17.744,-3.796,-10.361,Stator Inter-turn Insulation Breakdown
0.288715,-1.4889,145.95,115.57,16.867,-0.910,-12.114,Stator Inter-turn Insulation Breakdown
0.289204,-1.7944,144.77,115.44,15.152,1.765,-13.563,Stator Inter-turn Insulation Breakdown
0.289692,-1.8752,145.07,115.55,12.796,4.322,-14.110,Stator Inter-turn Insulation Breakdown
0.290181,-1.6323,145.56,115.54,10.191,6.847,-14.447,Stator Inter-turn Insulation Breakdown
0.290669,-2.0848,142.77,115.50,7.035,9.001,-14.430,Stator Inter-turn Insulation Breakdown
0.291158,-1.7387,145.01,115.44,3.387,11.343,-13.879,Stator Inter-turn Insulation Breakdown
0.291646,-1.4262,144.59,115.56,-0.059,12.862,-12.753,Stator Inter-turn Insulation Breakdown
0.292135,-1.2311,146.22,115.57,-3.238,13.788,-11.186,Stator Inter-turn Insulation Breakdown
0.292623,-0.6207,145.73,115.53,-6.436,14.684,-9.227,Stator Inter-turn Insulation Breakdown
0.293112,-0.4957,143.37,115.43,-9.715,14.739,-7.060,Stator Inter-turn Insulation Breakdown
0.293600,-0.5163,146.26,115.48,-12.839,14.580,-4.654,Stator Inter-turn Insulation Breakdown
0.294089,-0.7164,145.45,115.51,-15.089,13.641,-1.849,Stator Inter-turn Insulation Breakdown
0.294577,-0.5282,143.45,115.57,-16.594,12.394,0.757,Stator Inter-turn Insulation Breakdown
0.295066,-1.1500,145.06,115.39,-18.088,10.720,3.284,Stator Inter-turn Insulation Breakdown
0.295554,-0.8213,146.03,115.47,-18.673,8.638,5.962,Stator Inter-turn Insulation Breakdown
0.296043,-1.4875,143.79,115.49,-18.528,6.505,8.292,Stator Inter-turn Insulation Breakdown
0.296532,-1.6389,146.38,115.51,-18.393,3.900,10.266,Stator Inter-turn Insulation Breakdown
0.297020,-1.8148,143.49,115.41,-17.033,1.138,12.171,Stator Inter-turn Insulation Breakdown
0.297509,-1.9691,144.21,115.50,-15.278,-1.492,13.370,Stator Inter-turn Insulation Breakdown
0.297997,-1.4661,144.06,115.49,-12.814,-4.425,14.189,Stator Inter-turn Insulation Breakdown
0.298486,-1.4682,146.38,115.44,-10.005,-6.908,14.575,Stator Inter-turn Insulation Breakdown
0.298974,-1.1310,144.51,115.51,-7.387,-9.032,14.508,Stator Inter-turn Insulation Breakdown
0.299463,-1.1424,143.84,115.48,-3.784,-10.993,13.847,Stator Inter-turn Insulation Breakdown
0.299951,-0.5296,145.45,115.56,-0.172,-12.651,12.768,Stator Inter-turn Insulation Breakdown
0.300440,-0.0681,145.66,115.45,2.731,-14.051,11.373,Stator Inter-turn Insulation Breakdown
0.300928,0.2734,145.67,115.53,6.432,-14.684,9.233,Stator Inter-turn Insulation Breakdown
0.301417,0.3709,144.73,115.46,9.327,-14.758,7.042,Stator Inter-turn Insulation Breakdown
0.301905,0.9258,145.25,115.47,12.243,-14.278,4.794,Stator Inter-turn Insulation Breakdown
0.302394,0.8960,144.35,115.54,14.254,-13.629,2.348,Stator Inter-turn Insulation Breakdown
0.302882,0.7427,146.67,115.54,16.917,-12.358,-0.487,Stator Inter-turn Insulation Breakdown
0.303371,0.5255,146.14,115.49,17.889,-10.824,-3.050,Stator Inter-turn Insulation Breakdown
0.303859,0.7490,146.08,115.50,18.512,-8.799,-5.833,Stator Inter-turn Insulation Breakdown
0.304348,0.8513,145.79,115.41,18.822,-6.611,-8.210,Stator Inter-turn Insulation Breakdown
0.304836,0.1667,145.52,115.63,17.996,-3.869,-10.181,Stator Inter-turn Insulation Breakdown
0.305325,0.2259,143.76,115.58,16.809,-1.293,-11.867,Stator Inter-turn Insulation Breakdown
0.305813,0.3237,145.63,115.57,15.594,1.506,-13.424,Stator Inter-turn Insulation Breakdown
0.306302,0.0174,145.11,115.39,13.393,4.113,-14.195,Stator Inter-turn Insulation Breakdown
0.306790,0.2853,146.26,115.48,10.211,6.672,-14.578,Stator Inter-turn Insulation Breakdown
0.307279,0.4672,145.81,115.50,7.491,8.944,-14.552,Stator Inter-turn Insulation Breakdown
0.307767,1.0496,145.55,115.37,4.051,10.982,-13.959,Stator Inter-turn Insulation Breakdown
0.308256,1.4406,143.32,115.59,0.265,12.696,-12.767,Stator Inter-turn Insulation Breakdown
0.308745,1.6010,144.91,115.64,-3.088,13.679,-11.318,Stator Inter-turn Insulation Breakdown
0.309233,1.7423,144.44,115.69,-5.945,14.400,-9.415,Stator Inter-turn Insulation Breakdown
0.309722,2.0148,145.25,115.44,-9.681,14.843,-7.270,Stator Inter-turn Insulation Breakdown
0.310210,2.0948,144.58,115.53,-11.763,14.694,-4.952,Stator Inter-turn Insulation Breakdown
0.310699,2.0333,144.72,115.63,-14.743,13.978,-2.219,Stator Inter-turn Insulation Breakdown
0.311187,2.0384,145.46,115.50,-16.228,12.478,0.323,Stator Inter-turn Insulation Breakdown
0.311676,1.9125,144.57,115.48,-17.960,10.925,3.053,Stator Inter-turn Insulation Breakdown
0.312164,1.5985,145.12,115.38,-18.490,8.811,5.541,Stator Inter-turn Insulation Breakdown
0.312653,1.1845,143.48,115.62,-18.490,6.595,7.954,Stator Inter-turn Insulation Breakdown
0.313141,0.8567,144.17,115.52,-17.975,4.229,10.123,Stator Inter-turn Insulation Breakdown
0.313630,0.5379,145.66,115.47,-17.238,1.443,11.826,Stator Inter-turn Insulation Breakdown
0.314118,0.1288,143.77,115.55,-15.580,-1.315,13.139,Stator Inter-turn Insulation Breakdown
0.314607,0.2123,146.25,115.54,-13.192,-3.902,14.249,Stator Inter-turn Insulation Breakdown
0.315095,0.0648,145.97,115.54,-10.757,-6.581,14.553,Stator Inter-turn Insulation Breakdown
0.315584,0.0062,144.73,115.51,-7.416,-8.667,14.450,Stator Inter-turn Insulation Breakdown
0.316072,0.3915,148.00,115.66,-4.342,-10.852,13.842,Stator Inter-turn Insulation Breakdown
0.316561,0.4125,146.24,115.52,-0.533,-12.552,12.738,Stator Inter-turn Insulation Breakdown
0.317049,0.7105,144.05,115.66,2.589,-13.689,11.441,Stator Inter-turn Insulation Breakdown
0.317538,0.9414,145.75,115.57,5.716,-14.425,9.476,Stator Inter-turn Insulation Breakdown
0.318026,0.7413,145.07,115.56,9.501,-14.640,7.510,Stator Inter-turn Insulation Breakdown
0.318515,0.8739,144.22,115.52,12.101,-14.600,5.015,Stator Inter-turn Insulation Breakdown
0.319003,0.4585,143.93,115.61,14.507,-13.757,2.572,Stator Inter-turn Insulation Breakdown
0.319492,0.7250,145.99,115.54,16.666,-12.673,-0.239,Stator Inter-turn Insulation Breakdown
0.319980,-0.0331,144.40,115.45,18.011,-11.132,-3.003,Stator Inter-turn Insulation Breakdown
0.320469,-0.2926,144.90,115.45,18.471,-9.163,-5.688,Stator Inter-turn Insulation Breakdown
0.320957,-0.4263,144.08,115.56,18.689,-6.902,-7.803,Stator Inter-turn Insulation Breakdown
0.321446,-1.0592,144.25,115.46,18.078,-4.343,-10.131,Stator Inter-turn Insulation Breakdown
0.321935,-1.5472,144.87,115.52,16.910,-1.490,-11.820,Stator Inter-turn Insulation Breakdown
0.322423,-1.5185,145.39,115.61,15.639,1.190,-12.993,Stator Inter-turn Insulation Breakdown
0.322912,-1.6724,142.41,115.55,13.398,3.679,-14.034,Stator Inter-turn Insulation Breakdown
0.323400,-1.9060,145.02,115.47,10.816,6.183,-14.515,Stator Inter-turn Insulation Breakdown
0.323889,-1.8156,144.25,115.64,7.905,8.587,-14.426,Stator Inter-turn Insulation Breakdown
0.324377,-1.6388,146.40,115.57,4.529,10.666,-13.905,Stator Inter-turn Insulation Breakdown
0.324866,-1.3824,147.94,115.61,1.124,12.396,-12.839,Stator Inter-turn Insulation Breakdown
0.325354,-1.3917,144.64,115.35,-2.918,13.806,-11.620,Stator Inter-turn Insulation Breakdown
0.325843,-0.9087,143.28,115.56,-5.934,14.433,-9.769,Stator Inter-turn Insulation Breakdown
0.326331,-0.4399,145.12,115.60,-8.851,14.965,-7.665,Stator Inter-turn Insulation Breakdown
0.326820,-0.7469,144.79,115.67,-12.143,14.437,-5.163,Stator Inter-turn Insulation Breakdown
0.327308,-0.6986,146.97,115.41,-14.353,13.885,-2.584,Stator Inter-turn Insulation Breakdown
0.327797,-0.8812,146.67,115.63,-16.244,12.842,-0.071,Stator Inter-turn Insulation Breakdown
0.328285,-0.7850,145.87,115.66,-17.683,11.261,2.711,Stator Inter-turn Insulation Breakdown
0.328774,-0.9242,144.41,115.37,-18.520,9.177,5.498,Stator Inter-turn Insulation Breakdown
0.329262,-1.1757,145.68,115.57,-18.668,7.033,7.776,Stator Inter-turn Insulation Breakdown
0.329751,-1.7693,145.27,115.58,-18.310,4.502,9.957,Stator Inter-turn Insulation Breakdown
0.330239,-1.6805,145.24,115.51,-17.576,1.692,11.674,Stator Inter-turn Insulation Breakdown
0.330728,-1.6262,143.44,115.49,-15.535,-0.929,12.903,Stator Inter-turn Insulation Breakdown
0.331216,-1.7423,146.06,115.59,-13.404,-3.579,14.041,Stator Inter-turn Insulation Breakdown
0.331705,-1.6087,145.11,115.48,-11.120,-6.275,14.645,Stator Inter-turn Insulation Breakdown
0.332193,-1.5041,144.90,115.52,-7.557,-8.399,14.417,Stator Inter-turn Insulation Breakdown
0.332682,-1.0651,144.40,115.60,-4.463,-10.717,14.114,Stator Inter-turn Insulation Breakdown
0.333170,-0.5207,144.21,115.67,-1.429,-12.325,12.898,Stator Inter-turn Insulation Breakdown
0.333659,-0.2467,145.32,115.58,2.139,-13.752,11.657,Stator Inter-turn Insulation Breakdown
0.334148,-0.0950,143.25,115.54,5.568,-14.444,9.902,Stator Inter-turn Insulation Breakdown
0.334636,0.3533,145.79,115.49,8.753,-14.899,7.676,Stator Inter-turn Insulation Breakdown
0.335125,0.8453,143.95,115.45,11.811,-14.659,5.553,Stator Inter-turn Insulation Breakdown
0.335613,0.8511,142.94,115.62,14.045,-14.132,2.676,Stator Inter-turn Insulation Breakdown
0.336102,0.8525,146.82,115.52,16.473,-12.764,-0.006,Stator Inter-turn Insulation Breakdown
0.336590,0.6893,144.14,115.63,17.914,-11.244,-2.602,Stator Inter-turn Insulation Breakdown
0.337079,0.8183,144.28,115.51,18.687,-9.225,-5.284,Stator Inter-turn Insulation Breakdown
0.337567,0.7202,146.13,115.48,18.803,-7.108,-7.762,Stator Inter-turn Insulation Breakdown
0.338056,0.4922,146.85,115.57,18.576,-4.459,-9.880,Stator Inter-turn Insulation Breakdown
0.338544,0.3895,143.47,115.53,17.307,-1.914,-11.516,Stator Inter-turn Insulation Breakdown
0.339033,0.0595,144.04,115.44,15.603,0.813,-13.052,Stator Inter-turn Insulation Breakdown
0.339521,0.0696,144.12,115.68,13.839,3.706,-13.840,Stator Inter-turn Insulation Breakdown
0.340010,0.2518,145.93,115.49,11.058,6.021,-14.570,Stator Inter-turn Insulation Breakdown
0.340498,0.5048,146.64,115.61,7.879,8.561,-14.479,Stator Inter-turn Insulation Breakdown
0.340987,1.0109,143.92,115.60,4.682,10.571,-14.030,Stator Inter-turn Insulation Breakdown
0.341475,1.3111,146.41,115.44,1.208,12.193,-13.183,Stator Inter-turn Insulation Breakdown
0.341964,1.5619,144.29,115.46,-1.697,13.433,-11.836,Stator Inter-turn Insulation Breakdown
0.342452,1.5766,145.34,115.51,-5.487,14.316,-10.136,Stator Inter-turn Insulation Breakdown
0.342941,1.7771,143.73,115.47,-8.656,14.899,-7.784,Stator Inter-turn Insulation Breakdown
0.343429,2.2059,144.88,115.68,-11.450,14.827,-5.332,Stator Inter-turn Insulation Breakdown
0.343918,2.3256,144.89,115.52,-14.351,14.034,-3.038,Stator Inter-turn Insulation Breakdown
0.344406,2.0872,144.68,115.61,-15.926,12.936,-0.246,Stator Inter-turn Insulation Breakdown
0.344895,2.1858,145.38,115.58,-17.757,11.460,2.401,Stator Inter-turn Insulation Breakdown
0.345383,1.4543,143.99,115.56,-18.164,9.464,5.116,Stator Inter-turn Insulation Breakdown
0.345872,1.1066,144.12,115.54,-18.861,7.322,7.451,Stator Inter-turn Insulation Breakdown
0.346361,0.8516,145.44,115.64,-18.222,4.753,9.785,Stator Inter-turn Insulation Breakdown
0.346849,0.5402,146.34,115.47,-17.938,2.089,11.457,Stator Inter-turn Insulation Breakdown
0.347338,0.4832,144.98,115.68,-16.092,-0.713,12.826,Stator Inter-turn Insulation Breakdown
0.347826,0.1875,145.50,115.44,-13.798,-3.435,13.918,Stator Inter-turn Insulation Breakdown
0.348315,-0.0366,145.76,115.60,-11.564,-6.240,14.473,Stator Inter-turn Insulation Breakdown
0.348803,0.3686,145.83,115.43,-8.078,-8.184,14.614,Stator Inter-turn Insulation Breakdown
0.349292,0.0871,144.05,115.51,-4.898,-10.425,14.085,Stator Inter-turn Insulation Breakdown
0.349780,0.3550,144.22,115.55,-1.754,-12.201,13.249,Stator Inter-turn Insulation Breakdown
0.350269,0.4492,144.31,115.50,1.898,-13.695,11.762,Stator Inter-turn Insulation Breakdown
0.350757,0.8745,146.93,115.53,5.455,-14.446,10.047,Stator Inter-turn Insulation Breakdown
0.351246,0.9608,145.51,115.43,8.087,-14.856,7.893,Stator Inter-turn Insulation Breakdown
0.351734,1.2207,145.46,115.46,11.180,-14.754,5.512,Stator Inter-turn Insulation Breakdown
0.352223,0.9657,145.37,115.58,13.907,-14.041,3.160,Stator Inter-turn Insulation Breakdown
0.352711,0.8333,143.68,115.54,16.045,-12.986,0.294,Stator Inter-turn Insulation Breakdown
0.353200,0.3541,146.94,115.49,17.553,-11.619,-2.348,Stator Inter-turn Insulation Breakdown
0.353688,-0.2116,145.48,115.65,18.673,-9.709,-4.809,Stator Inter-turn Insulation Breakdown
0.354177,-0.4568,145.72,115.44,18.895,-7.481,-7.273,Stator Inter-turn Insulation Breakdown
0.354665,-0.7932,143.23,115.51,18.608,-4.693,-9.370,Stator Inter-turn Insulation Breakdown
0.355154,-1.1383,145.78,115.50,17.235,-2.083,-11.350,Stator Inter-turn Insulation Breakdown
0.355642,-1.5980,144.64,115.59,15.994,0.399,-12.936,Stator Inter-turn Insulation Breakdown
0.356131,-1.6340,143.68,115.55,13.815,2.987,-13.713,Stator Inter-turn Insulation Breakdown
0.356619,-1.9130,144.05,115.53,11.612,5.791,-14.432,Stator Inter-turn Insulation Breakdown
0.357108,-1.8837,143.74,115.40,8.414,8.180,-14.588,Stator Inter-turn Insulation Breakdown
0.357596,-1.7540,143.72,115.61,5.022,10.328,-14.155,Stator Inter-turn Insulation Breakdown
0.358085,-1.3760,145.06,115.53,1.928,12.143,-13.253,Stator Inter-turn Insulation Breakdown
0.358574,-1.3192,144.61,115.55,-1.587,13.479,-11.956,Stator Inter-turn Insulation Breakdown
0.359062,-0.9776,145.33,115.48,-5.264,14.232,-10.327,Stator Inter-turn Insulation Breakdown
0.359551,-0.5947,146.68,115.47,-8.397,14.798,-7.940,Stator Inter-turn Insulation Breakdown
0.360039,-0.7746,144.87,115.66,-11.340,14.780,-5.743,Stator Inter-turn Insulation Breakdown
0.360528,-0.6774,142.76,115.40,-13.592,14.051,-3.167,Stator Inter-turn Insulation Breakdown
0.361016,-0.6677,144.76,115.46,-15.894,13.104,-0.315,Stator Inter-turn Insulation Breakdown
0.361505,-0.8030,146.19,115.66,-17.347,11.527,2.090,Stator Inter-turn Insulation Breakdown
0.361993,-1.1381,144.91,115.60,-18.557,9.899,4.831,Stator Inter-turn Insulation Breakdown
0.362482,-1.1970,146.53,115.52,-18.733,7.356,7.133,Stator Inter-turn Insulation Breakdown
0.362970,-1.4687,145.45,115.64,-18.245,5.140,9.447,Stator Inter-turn Insulation Breakdown
0.363459,-1.5805,143.16,115.58,-17.658,2.223,11.320,Stator Inter-turn Insulation Breakdown
0.363947,-1.8768,145.11,115.56,-16.048,-0.146,12.881,Stator Inter-turn Insulation Breakdown
0.364436,-1.9497,145.30,115.56,-14.285,-3.144,13.991,Stator Inter-turn Insulation Breakdown
0.364924,-1.8677,146.08,115.58,-11.633,-5.612,14.413,Stator Inter-turn Insulation Breakdown
0.365413,-1.4996,146.82,115.59,-8.626,-8.205,14.723,Stator Inter-turn Insulation Breakdown
0.365901,-1.2882,145.91,115.72,-5.562,-10.317,14.347,Stator Inter-turn Insulation Breakdown
0.366390,-0.9378,145.44,115.53,-1.694,-11.887,13.311,Stator Inter-turn Insulation Breakdown
0.366878,-0.5124,145.68,115.53,1.331,-13.264,12.021,Stator Inter-turn Insulation Breakdown
0.367367,-0.1528,144.83,115.45,5.063,-14.280,10.252,Stator Inter-turn Insulation Breakdown
0.367855,0.3243,143.54,115.54,8.183,-14.684,8.202,Stator Inter-turn Insulation Breakdown
0.368344,0.3462,145.04,115.70,11.117,-14.608,5.765,Stator Inter-turn Insulation Breakdown
0.368832,0.7666,145.37,115.63,13.997,-14.238,3.416,Stator Inter-turn Insulation Breakdown
0.369321,0.8792,143.80,115.50,15.374,-13.288,0.474,Stator Inter-turn Insulation Breakdown
0.369809,0.6492,146.33,115.55,17.378,-11.682,-2.073,Stator Inter-turn Insulation Breakdown
0.370298,0.9069,146.01,115.44,18.202,-9.877,-4.622,Stator Inter-turn Insulation Breakdown
0.370787,0.4588,143.63,115.47,18.405,-7.586,-6.946,Stator Inter-turn Insulation Breakdown
0.371275,0.0522,146.37,115.56,18.301,-5.118,-9.349,Stator Inter-turn Insulation Breakdown
0.371764,0.1049,144.69,115.51,17.659,-2.615,-11.157,Stator Inter-turn Insulation Breakdown
0.372252,0.0809,144.22,115.47,16.029,0.237,-12.733,Stator Inter-turn Insulation Breakdown
0.372741,0.1509,146.08,115.59,14.325,2.939,-13.726,Stator Inter-turn Insulation Breakdown
0.373229,0.1560,144.95,115.54,11.596,5.556,-14.411,Stator Inter-turn Insulation Breakdown
0.373718,0.2502,146.90,115.42,8.674,7.868,-14.505,Stator Inter-turn Insulation Breakdown
0.374206,0.5245,144.15,115.38,5.479,10.144,-14.289,Stator Inter-turn Insulation Breakdown
0.374695,0.9285,143.27,115.50,2.139,11.934,-13.500,Stator Inter-turn Insulation Breakdown
0.375183,1.2950,144.72,115.42,-1.381,13.361,-12.073,Stator Inter-turn Insulation Breakdown
0.375672,1.5351,145.79,115.40,-4.880,14.430,-10.461,Stator Inter-turn Insulation Breakdown
0.376160,1.8591,144.07,115.64,-7.766,14.778,-8.358,Stator Inter-turn Insulation Breakdown
0.376649,2.2379,143.67,115.54,-11.072,14.668,-5.997,Stator Inter-turn Insulation Breakdown
0.377137,2.4431,145.23,115.53,-13.638,14.104,-3.367,Stator Inter-turn Insulation Breakdown
0.377626,2.2470,143.54,115.54,-15.630,13.333,-0.757,Stator Inter-turn Insulation Breakdown
0.378114,2.1574,145.31,115.46,-17.276,11.814,1.779,Stator Inter-turn Insulation Breakdown
0.378603,1.8472,144.66,115.58,-18.556,10.104,4.354,Stator Inter-turn Insulation Breakdown
0.379091,1.5100,145.49,115.54,-18.641,7.558,7.109,Stator Inter-turn Insulation Breakdown
0.379580,1.0009,143.62,115.49,-18.465,5.413,9.015,Stator Inter-turn Insulation Breakdown
0.380068,0.7614,146.30,115.50,-17.689,2.677,11.053,Stator Inter-turn Insulation Breakdown
0.380557,0.4229,144.82,115.45,-16.363,-0.043,12.712,Stator Inter-turn Insulation Breakdown
0.381045,0.2820,145.76,115.52,-14.360,-2.794,13.933,Stator Inter-turn Insulation Breakdown
0.381534,0.2508,145.96,115.53,-11.838,-5.246,14.407,Stator Inter-turn Insulation Breakdown
0.382022,0.3696,143.84,115.52,-9.163,-7.712,14.596,Stator Inter-turn Insulation Breakdown
0.382511,0.4299,145.88,115.56,-5.743,-10.063,14.181,Stator Inter-turn Insulation Breakdown
0.383000,0.5013,143.57,115.55,-2.181,-11.771,13.473,Stator Inter-turn Insulation Breakdown
0.383488,0.7138,143.63,115.57,1.271,-13.156,12.082,Stator Inter-turn Insulation Breakdown
0.383977,0.9328,146.96,115.63,4.438,-14.201,10.446,Stator Inter-turn Insulation Breakdown
0.384465,1.0760,146.11,115.60,7.993,-14.620,8.566,Stator Inter-turn Insulation Breakdown
0.384954,0.7722,147.07,115.63,11.164,-14.773,6.127,Stator Inter-turn Insulation Breakdown
0.385442,0.7597,144.63,115.49,13.357,-14.484,3.735,Stator Inter-turn Insulation Breakdown
0.385931,0.9003,145.10,115.51,15.743,-13.272,0.977,Stator Inter-turn Insulation Breakdown
0.386419,0.4387,145.53,115.61,16.808,-11.855,-1.829,Stator Inter-turn Insulation Breakdown
0.386908,0.0209,144.99,115.61,18.082,-10.024,-4.202,Stator Inter-turn Insulation Breakdown
0.387396,-0.3625,144.25,115.50,18.804,-7.785,-6.931,Stator Inter-turn Insulation Breakdown
0.387885,-0.7753,144.10,115.60,18.401,-5.665,-9.111,Stator Inter-turn Insulation Breakdown
0.388373,-1.0298,145.21,115.48,18.198,-2.883,-11.016,Stator Inter-turn Insulation Breakdown
0.388862,-1.5865,143.93,115.59,16.496,-0.244,-12.468,Stator Inter-turn Insulation Breakdown
0.389350,-1.6255,143.91,115.55,14.602,2.440,-13.769,Stator Inter-turn Insulation Breakdown
0.389839,-1.6885,145.39,115.45,11.948,5.180,-14.493,Stator Inter-turn Insulation Breakdown
0.390327,-1.6490,144.90,115.52,8.894,7.708,-14.581,Stator Inter-turn Insulation Breakdown
0.390816,-1.5586,145.94,115.73,5.824,9.860,-14.322,Stator Inter-turn Insulation Breakdown
0.391304,-1.3246,144.58,115.57,2.611,11.621,-13.567,Stator Inter-turn Insulation Breakdown
0.391793,-1.2590,144.42,115.74,-1.022,13.140,-12.261,Stator Inter-turn Insulation Breakdown
0.392281,-1.0853,145.42,115.44,-4.184,14.267,-10.750,Stator Inter-turn Insulation Breakdown
0.392770,-0.3834,144.19,115.62,-7.453,14.783,-8.789,Stator Inter-turn Insulation Breakdown
0.393258,-0.6732,144.34,115.35,-10.616,14.701,-6.099,Stator Inter-turn Insulation Breakdown
0.393747,-0.6203,144.38,115.56,-13.643,14.238,-3.785,Stator Inter-turn Insulation Breakdown
0.394235,-0.5512,144.79,115.61,-15.148,13.188,-1.132,Stator Inter-turn Insulation Breakdown
0.394724,-0.5623,146.77,115.62,-17.222,11.925,1.458,Stator Inter-turn Insulation Breakdown
0.395213,-1.1001,143.62,115.49,-17.746,9.997,4.258,Stator Inter-turn Insulation Breakdown
0.395701,-1.4219,146.30,115.64,-18.646,8.237,6.607,Stator Inter-turn Insulation Breakdown
0.396190,-1.7115,145.74,115.52,-18.673,5.532,8.649,Stator Inter-turn Insulation Breakdown
0.396678,-1.4998,146.57,115.55,-17.765,3.126,10.835,Stator Inter-turn Insulation Breakdown
0.397167,-2.0337,148.14,115.52,-16.879,0.492,12.460,Stator Inter-turn Insulation Breakdown
0.397655,-1.9206,146.43,115.47,-14.333,-2.383,13.645,Stator Inter-turn Insulation Breakdown
0.398144,-1.9869,145.93,115.68,-11.596,-5.048,14.354,Stator Inter-turn Insulation Breakdown
0.398632,-1.8669,143.69,115.56,-9.688,-7.634,14.535,Stator Inter-turn Insulation Breakdown
0.399121,-1.4027,143.81,115.65,-6.176,-9.761,14.257,Stator Inter-turn Insulation Breakdown
0.399609,-1.1354,145.36,115.64,-2.781,-11.432,13.549,Stator Inter-turn Insulation Breakdown
0.400098,-0.6968,143.30,115.48,0.867,-13.046,12.202,Stator Inter-turn Insulation Breakdown
0.400586,0.1071,145.62,115.66,4.542,-14.125,10.540,Stator Inter-turn Insulation Breakdown
0.401075,0.2277,142.87,115.60,7.487,-14.565,8.753,Stator Inter-turn Insulation Breakdown
0.401563,0.5872,146.15,115.48,10.878,-14.698,6.465,Stator Inter-turn Insulation Breakdown
0.402052,0.7580,144.68,115.60,13.169,-14.355,4.034,Stator Inter-turn Insulation Breakdown
0.402540,0.7000,145.13,115.48,15.466,-13.406,1.280,Stator Inter-turn Insulation Breakdown
0.403029,0.6294,144.25,115.69,17.162,-12.137,-1.499,Stator Inter-turn Insulation Breakdown
0.403517,0.6310,143.10,115.63,18.484,-10.342,-4.212,Stator Inter-turn Insulation Breakdown
0.404006,0.4649,146.23,115.56,18.681,-8.184,-6.610,Stator Inter-turn Insulation Breakdown
0.404494,0.1844,146.34,115.66,18.820,-5.708,-8.760,Stator Inter-turn Insulation Breakdown
0.404983,0.1417,144.65,115.44,17.671,-3.295,-10.643,Stator Inter-turn Insulation Breakdown
0.405471,-0.0742,145.66,115.50,16.514,-0.462,-12.401,Stator Inter-turn Insulation Breakdown
0.405960,-0.0009,144.61,115.54,14.538,2.209,-13.727,Stator Inter-turn Insulation Breakdown
0.406448,0.0656,145.29,115.74,12.280,4.798,-14.434,Stator Inter-turn Insulation Breakdown
0.406937,0.1152,145.76,115.48,9.383,7.325,-14.685,Stator Inter-turn Insulation Breakdown
0.407426,0.2274,145.56,115.43,6.536,9.358,-14.401,Stator Inter-turn Insulation Breakdown
0.407914,0.7724,146.34,115.45,2.784,11.417,-13.523,Stator Inter-turn Insulation Breakdown
0.408403,1.5408,145.52,115.64,-0.837,12.896,-12.329,Stator Inter-turn Insulation Breakdown
0.408891,1.5648,145.03,115.52,-4.195,14.051,-10.859,Stator Inter-turn Insulation Breakdown
0.409380,2.0142,144.24,115.55,-7.026,14.449,-8.850,Stator Inter-turn Insulation Breakdown
0.409868,1.7783,144.52,115.62,-10.475,14.797,-6.674,Stator Inter-turn Insulation Breakdown
0.410357,2.0353,145.81,115.55,-12.910,14.470,-4.268,Stator Inter-turn Insulation Breakdown
0.410845,1.9542,143.50,115.58,-15.318,13.482,-1.283,Stator Inter-turn Insulation Breakdown
0.411334,1.9843,146.11,115.61,-16.847,12.202,0.991,Stator Inter-turn Insulation Breakdown
0.411822,2.1409,144.72,115.53,-18.236,10.348,3.683,Stator Inter-turn Insulation Breakdown
0.412311,1.5455,144.18,115.55,-18.199,8.140,6.559,Stator Inter-turn Insulation Breakdown
0.412799,1.4030,143.90,115.58,-18.301,5.910,8.679,Stator Inter-turn Insulation Breakdown
0.413288,0.7956,145.67,115.63,-18.040,3.394,10.568,Stator Inter-turn Insulation Breakdown
0.413776,0.7729,144.99,115.50,-16.756,0.496,12.391,Stator Inter-turn Insulation Breakdown
0.414265,0.6914,146.59,115.32,-14.164,-2.137,13.626,Stator Inter-turn Insulation Breakdown
0.414753,0.2708,143.74,115.62,-12.631,-4.763,14.182,Stator Inter-turn Insulation Breakdown
0.415242,0.2106,144.42,115.64,-9.631,-6.940,14.545,Stator Inter-turn Insulation Breakdown
0.415730,0.1841,144.91,115.58,-6.495,-9.446,14.476,Stator Inter-turn Insulation Breakdown
0.416219,0.4877,144.25,115.59,-3.159,-11.582,13.609,Stator Inter-turn Insulation Breakdown
0.416707,0.7276,145.01,115.52,-0.059,-13.145,12.559,Stator Inter-turn Insulation Breakdown
0.417196,1.1921,145.32,115.61,3.825,-13.957,11.089,Stator Inter-turn Insulation Breakdown
0.417684,0.8188,145.48,115.64,6.843,-14.407,8.753,Stator Inter-turn Insulation Breakdown
0.418173,1.0693,146.51,115.57,10.398,-14.814,6.699,Stator Inter-turn Insulation Breakdown
0.418661,0.7354,143.70,115.77,12.551,-14.450,4.273,Stator Inter-turn Insulation Breakdown
0.419150,0.7819,145.34,115.44,15.152,-13.515,1.438,Stator Inter-turn Insulation Breakdown
0.419638,0.6278,144.35,115.58,16.482,-12.322,-1.120,Stator Inter-turn Insulation Breakdown
0.420127,0.3095,145.43,115.47,17.707,-10.766,-3.611,Stator Inter-turn Insulation Breakdown
0.420616,-0.0806,145.43,115.64,18.569,-8.323,-6.309,Stator Inter-turn Insulation Breakdown
0.421104,-0.5260,144.01,115.44,18.563,-6.117,-8.699,Stator Inter-turn Insulation Breakdown
0.421593,-0.8898,144.10,115.46,18.328,-3.375,-10.460,Stator Inter-turn Insulation Breakdown
0.422081,-1.2987,145.51,115.52,16.750,-0.863,-12.193,Stator Inter-turn Insulation Breakdown
0.422570,-1.6991,145.02,115.59,15.173,1.945,-13.496,Stator Inter-turn Insulation Breakdown
0.423058,-1.9460,144.78,115.52,12.490,4.673,-14.294,Stator Inter-turn Insulation Breakdown
0.423547,-1.7626,145.66,115.52,9.914,7.193,-14.493,Stator Inter-turn Insulation Breakdown
0.424035,-1.6096,145.73,115.56,6.543,9.369,-14.384,Stator Inter-turn Insulation Breakdown
0.424524,-1.2299,144.47,115.55,3.199,11.308,-13.680,Stator Inter-turn Insulation Breakdown
0.425012,-1.2144,144.15,115.69,-0.451,12.913,-12.679,Stator Inter-turn Insulation Breakdown
0.425501,-1.0010,143.74,115.63,-3.461,14.025,-11.241,Stator Inter-turn Insulation Breakdown
0.425989,-0.7150,145.03,115.54,-6.797,14.503,-9.053,Stator Inter-turn Insulation Breakdown
0.426478,-0.6763,143.58,115.74,-9.785,14.664,-6.762,Stator Inter-turn Insulation Breakdown
0.426966,-0.4623,145.10,115.61,-12.651,14.240,-4.420,Stator Inter-turn Insulation Breakdown
0.427455,-0.3304,146.22,115.49,-14.614,13.698,-1.684,Stator Inter-turn Insulation Breakdown
0.427943,-0.4335,144.65,115.59,-16.801,12.291,0.877,Stator Inter-turn Insulation Breakdown
0.428432,-0.9563,144.46,115.61,-17.885,10.705,3.555,Stator Inter-turn Insulation Breakdown
0.428920,-1.1739,147.00,115.52,-18.784,8.597,6.271,Stator Inter-turn Insulation Breakdown
0.429409,-1.2494,146.51,115.49,-18.903,6.100,8.393,Stator Inter-turn Insulation Breakdown
0.429897,-1.7399,144.24,115.58,-17.948,3.623,10.429,Stator Inter-turn Insulation Breakdown
0.430386,-1.7797,145.14,115.54,-16.867,0.900,11.965,Stator Inter-turn Insulation Breakdown
0.430874,-2.1202,145.33,115.69,-14.870,-1.836,13.497,Stator Inter-turn Insulation Breakdown
0.431363,-1.9520,145.20,115.63,-12.645,-4.344,14.180,Stator Inter-turn Insulation Breakdown
0.431851,-1.5712,146.81,115.52,-10.123,-6.695,14.606,Stator Inter-turn Insulation Breakdown
0.432340,-1.5866,145.09,115.61,-6.662,-9.111,14.406,Stator Inter-turn Insulation Breakdown
0.432829,-1.1514,145.24,115.67,-3.730,-11.189,13.752,Stator Inter-turn Insulation Breakdown
0.433317,-0.9748,145.69,115.46,0.010,-12.646,12.677,Stator Inter-turn Insulation Breakdown
0.433806,-0.0369,146.19,115.49,3.586,-13.754,11.147,Stator Inter-turn Insulation Breakdown
0.434294,0.2203,145.94,115.57,6.584,-14.747,9.355,Stator Inter-turn Insulation Breakdown
0.434783,0.3608,145.54,115.58,9.999,-14.674,7.162,Stator Inter-turn Insulation Breakdown
0.435271,0.6183,143.44,115.57,12.624,-14.407,4.612,Stator Inter-turn Insulation Breakdown
0.435760,0.7066,144.51,115.55,15.067,-13.564,2.056,Stator Inter-turn Insulation Breakdown
0.436248,0.8572,145.82,115.55,16.578,-12.337,-0.669,Stator Inter-turn Insulation Breakdown
0.436737,0.4872,145.25,115.61,18.070,-10.756,-3.362,Stator Inter-turn Insulation Breakdown
0.437225,0.5308,145.83,115.67,18.418,-8.482,-5.808,Stator Inter-turn Insulation Breakdown
0.437714,0.4143,146.89,115.54,19.081,-6.310,-8.425,Stator Inter-turn Insulation Breakdown
0.438202,0.2807,143.82,115.77,17.742,-3.832,-10.423,Stator Inter-turn Insulation Breakdown
0.438691,-0.3447,146.14,115.73,16.866,-1.054,-12.146,Stator Inter-turn Insulation Breakdown
0.439179,-0.1212,144.67,115.68,14.970,1.714,-13.396,Stator Inter-turn Insulation Breakdown
0.439668,-0.1135,145.94,115.63,12.999,4.293,-14.147,Stator Inter-turn Insulation Breakdown
0.440156,0.2327,144.96,115.74,10.520,6.845,-14.696,Stator Inter-turn Insulation Breakdown
0.440645,0.1683,147.13,115.55,7.195,9.106,-14.410,Stator Inter-turn Insulation Breakdown
0.441133,0.4905,145.13,115.51,4.347,11.015,-13.906,Stator Inter-turn Insulation Breakdown
0.441622,1.4821,144.36,115.53,0.042,12.608,-12.800,Stator Inter-turn Insulation Breakdown
0.442110,1.6023,145.42,115.50,-3.391,13.730,-11.232,Stator Inter-turn Insulation Breakdown
0.442599,1.8352,145.32,115.59,-6.651,14.733,-9.190,Stator Inter-turn Insulation Breakdown
0.443087,2.0987,146.14,115.60,-9.571,14.777,-7.219,Stator Inter-turn Insulation Breakdown
0.443576,2.1879,145.45,115.59,-12.599,14.173,-4.703,Stator Inter-turn Insulation Breakdown
0.444064,2.3194,147.48,115.58,-14.923,13.782,-2.192,Stator Inter-turn Insulation Breakdown
0.444553,1.9628,144.89,115.59,-16.528,12.541,0.525,Stator Inter-turn Insulation Breakdown
0.445042,1.8736,144.90,115.72,-18.216,10.656,3.150,Stator Inter-turn Insulation Breakdown
0.445530,1.5957,144.40,115.63,-18.904,8.731,5.834,Stator Inter-turn Insulation Breakdown
0.446019,1.0846,145.09,115.65,-18.834,6.400,8.207,Stator Inter-turn Insulation Breakdown
0.446507,1.1169,145.23,115.59,-18.258,3.868,10.312,Stator Inter-turn Insulation Breakdown
0.446996,0.5834,145.28,115.45,-16.822,1.384,11.900,Stator Inter-turn Insulation Breakdown
0.447484,0.5997,145.07,115.43,-15.456,-1.474,13.353,Stator Inter-turn Insulation Breakdown
0.447973,0.3527,144.39,115.75,-13.154,-4.174,14.190,Stator Inter-turn Insulation Breakdown
0.448461,0.5666,144.12,115.54,-10.189,-6.552,14.571,Stator Inter-turn Insulation Breakdown
0.448950,0.2411,144.62,115.53,-7.091,-8.922,14.357,Stator Inter-turn Insulation Breakdown
0.449438,0.3786,146.14,115.60,-3.666,-11.149,13.911,Stator Inter-turn Insulation Breakdown
0.449927,0.5863,146.36,115.62,-0.425,-12.670,12.859,Stator Inter-turn Insulation Breakdown
0.450415,0.9225,144.92,115.63,2.957,-13.782,11.361,Stator Inter-turn Insulation Breakdown
0.450904,1.2755,144.06,115.72,6.397,-14.647,9.518,Stator Inter-turn Insulation Breakdown
0.451392,1.3529,144.92,115.70,9.367,-14.597,7.353,Stator Inter-turn Insulation Breakdown
0.451881,0.7406,147.09,115.52,12.186,-14.535,4.734,Stator Inter-turn Insulation Breakdown
0.452369,0.9891,146.00,115.66,14.292,-13.876,2.218,Stator Inter-turn Insulation Breakdown
0.452858,0.2280,145.55,115.55,16.736,-12.700,-0.389,Stator Inter-turn Insulation Breakdown
0.453346,0.4976,145.96,115.57,17.950,-10.857,-3.132,Stator Inter-turn Insulation Breakdown
0.453835,0.1530,146.54,115.49,18.809,-9.006,-5.570,Stator Inter-turn Insulation Breakdown
0.454323,-0.4386,143.85,115.45,18.204,-6.592,-8.025,Stator Inter-turn Insulation Breakdown
0.454812,-0.8224,144.61,115.58,18.237,-4.210,-10.326,Stator Inter-turn Insulation Breakdown
0.455300,-1.1723,144.47,115.51,16.938,-1.414,-11.801,Stator Inter-turn Insulation Breakdown
0.455789,-1.5635,145.59,115.66,15.693,1.237,-13.248,Stator Inter-turn Insulation Breakdown
0.456277,-1.5370,145.16,115.56,13.278,3.947,-14.318,Stator Inter-turn Insulation Breakdown
0.456766,-1.6783,145.76,115.61,10.520,6.442,-14.592,Stator Inter-turn Insulation Breakdown
0.457255,-1.4391,144.49,115.69,7.351,8.947,-14.627,Stator Inter-turn Insulation Breakdown
0.457743,-1.4443,146.37,115.46,4.229,10.819,-13.868,Stator Inter-turn Insulation Breakdown
0.458232,-1.3499,144.93,115.53,0.536,12.510,-12.918,Stator Inter-turn Insulation Breakdown
0.458720,-1.2266,145.69,115.60,-2.751,13.747,-11.542,Stator Inter-turn Insulation Breakdown
0.459209,-1.0720,146.20,115.61,-6.207,14.685,-9.515,Stator Inter-turn Insulation Breakdown
0.459697,-0.4467,146.12,115.67,-8.792,14.888,-7.373,Stator Inter-turn Insulation Breakdown
0.460186,-0.6442,145.36,115.65,-11.793,14.654,-5.015,Stator Inter-turn Insulation Breakdown
0.460674,-0.5510,145.82,115.59,-14.307,13.699,-2.519,Stator Inter-turn Insulation Breakdown
0.461163,-0.4543,146.74,115.61,-16.759,12.605,0.200,Stator Inter-turn Insulation Breakdown
0.461651,-1.0052,145.51,115.61,-17.673,11.175,2.866,Stator Inter-turn Insulation Breakdown
0.462140,-1.2664,144.27,115.47,-18.589,8.950,5.595,Stator Inter-turn Insulation Breakdown
0.462628,-1.4608,145.58,115.57,-18.533,6.780,7.734,Stator Inter-turn Insulation Breakdown
0.463117,-1.6834,144.96,115.61,-18.230,4.141,10.012,Stator Inter-turn Insulation Breakdown
0.463605,-1.5923,142.65,115.62,-17.193,1.483,11.768,Stator Inter-turn Insulation Breakdown
0.464094,-1.7381,145.46,115.51,-15.461,-0.974,13.273,Stator Inter-turn Insulation Breakdown
0.464582,-1.8670,145.12,115.48,-13.660,-3.753,14.124,Stator Inter-turn Insulation Breakdown
0.465071,-1.6128,146.16,115.57,-10.794,-6.280,14.609,Stator Inter-turn Insulation Breakdown
0.465559,-1.6179,144.25,115.74,-7.547,-8.638,14.465,Stator Inter-turn Insulation Breakdown
0.466048,-1.2193,143.49,115.52,-4.118,-10.773,13.866,Stator Inter-turn Insulation Breakdown
0.466536,-0.9266,145.17,115.68,-1.033,-12.508,12.955,Stator Inter-turn Insulation Breakdown
0.467025,-0.6749,145.38,115.71,2.523,-13.737,11.624,Stator Inter-turn Insulation Breakdown
0.467513,0.0764,145.09,115.59,5.580,-14.511,9.792,Stator Inter-turn Insulation Breakdown
0.468002,0.2937,145.02,115.53,9.361,-14.619,7.511,Stator Inter-turn Insulation Breakdown
0.468490,0.4479,143.93,115.63,12.154,-14.735,5.052,Stator Inter-turn Insulation Breakdown
0.468979,0.5737,144.86,115.60,14.521,-13.968,2.443,Stator Inter-turn Insulation Breakdown
0.469468,0.3731,144.65,115.52,16.444,-12.844,-0.141,Stator Inter-turn Insulation Breakdown
0.469956,0.3860,146.07,115.54,18.092,-11.056,-2.785,Stator Inter-turn Insulation Breakdown
0.470445,0.4505,145.38,115.62,18.437,-9.007,-5.228,Stator Inter-turn Insulation Breakdown
0.470933,0.1557,144.72,115.66,18.604,-6.882,-7.758,Stator Inter-turn Insulation Breakdown
0.471422,0.0429,146.72,115.56,18.552,-4.360,-9.841,Stator Inter-turn Insulation Breakdown
0.471910,-0.0570,144.73,115.58,17.471,-1.728,-11.778,Stator Inter-turn Insulation Breakdown
0.472399,-0.1872,145.56,115.64,15.382,1.027,-13.097,Stator Inter-turn Insulation Breakdown
0.472887,-0.1798,144.83,115.58,13.334,3.749,-14.046,Stator Inter-turn Insulation Breakdown
0.473376,-0.1253,146.63,115.57,11.144,6.277,-14.557,Stator Inter-turn Insulation Breakdown
0.473864,0.3394,145.09,115.53,7.889,8.637,-14.536,Stator Inter-turn Insulation Breakdown
0.474353,0.7720,145.12,115.53,4.700,10.727,-14.020,Stator Inter-turn Insulation Breakdown
0.474841,0.7919,144.86,115.80,0.893,12.174,-13.010,Stator Inter-turn Insulation Breakdown
0.475330,1.3975,145.20,115.57,-2.200,13.636,-11.524,Stator Inter-turn Insulation Breakdown
0.475818,1.7695,146.20,115.70,-5.992,14.489,-10.057,Stator Inter-turn Insulation Breakdown
0.476307,1.8324,145.85,115.73,-9.288,14.835,-7.576,Stator Inter-turn Insulation Breakdown
0.476795,2.3472,145.03,115.58,-11.629,14.610,-5.456,Stator Inter-turn Insulation Breakdown
0.477284,2.1130,146.70,115.62,-13.973,13.982,-2.672,Stator Inter-turn Insulation Breakdown
0.477772,2.0750,145.87,115.60,-16.313,12.760,0.206,Stator Inter-turn Insulation Breakdown
0.478261,1.8805,144.56,115.46,-17.824,11.087,2.640,Stator Inter-turn Insulation Breakdown
0.478749,1.3742,143.62,115.47,-18.226,9.415,5.247,Stator Inter-turn Insulation Breakdown
0.479238,1.4814,144.58,115.60,-18.832,6.940,7.606,Stator Inter-turn Insulation Breakdown
0.479726,0.8713,145.41,115.56,-18.396,4.535,9.853,Stator Inter-turn Insulation Breakdown
0.480215,0.6964,145.60,115.74,-17.012,1.820,11.641,Stator Inter-turn Insulation Breakdown
0.480703,0.6042,146.36,115.57,-15.803,-0.666,12.964,Stator Inter-turn Insulation Breakdown
0.481192,0.6042,143.91,115.75,-13.712,-3.525,14.005,Stator Inter-turn Insulation Breakdown
0.481681,0.1909,144.56,115.55,-10.808,-6.121,14.416,Stator Inter-turn Insulation Breakdown
0.482169,0.3463,143.82,115.75,-8.132,-8.383,14.536,Stator Inter-turn Insulation Breakdown
0.482658,0.7548,143.66,115.63,-4.767,-10.323,14.034,Stator Inter-turn Insulation Breakdown
0.483146,0.7958,144.37,115.64,-1.590,-12.223,13.141,Stator Inter-turn Insulation Breakdown
0.483635,1.0137,145.37,115.55,2.168,-13.611,11.664,Stator Inter-turn Insulation Breakdown
0.484123,0.9119,145.77,115.64,5.529,-14.354,9.925,Stator Inter-turn Insulation Breakdown
0.484612,1.1039,144.05,115.73,8.907,-14.944,7.822,Stator Inter-turn Insulation Breakdown
0.485100,1.1344,144.19,115.58,11.788,-14.645,5.439,Stator Inter-turn Insulation Breakdown
0.485589,0.9222,143.22,115.57,14.237,-13.818,2.884,Stator Inter-turn Insulation Breakdown
0.486077,0.5825,145.21,115.57,16.239,-12.895,0.169,Stator Inter-turn Insulation Breakdown
0.486566,0.4445,144.27,115.72,17.631,-11.357,-2.569,Stator Inter-turn Insulation Breakdown
0.487054,0.3421,146.66,115.66,18.657,-9.438,-5.074,Stator Inter-turn Insulation Breakdown
0.487543,-0.2686,145.41,115.71,18.575,-7.232,-7.521,Stator Inter-turn Insulation Breakdown
0.488031,-0.4823,144.83,115.62,17.954,-4.671,-9.567,Stator Inter-turn Insulation Breakdown
0.488520,-1.0275,144.36,115.60,17.660,-1.975,-11.394,Stator Inter-turn Insulation Breakdown
0.489008,-1.4562,143.51,115.63,15.977,0.633,-13.097,Stator Inter-turn Insulation Breakdown
0.489497,-1.3344,143.63,115.68,13.695,3.113,-13.910,Stator Inter-turn Insulation Breakdown
0.489985,-1.5657,144.38,115.58,11.349,5.991,-14.430,Stator Inter-turn Insulation Breakdown
0.490474,-1.4153,144.30,115.71,8.026,8.540,-14.695,Stator Inter-turn Insulation Breakdown
0.490962,-1.5900,144.00,115.63,4.792,10.389,-14.058,Stator Inter-turn Insulation Breakdown
0.491451,-1.0813,145.38,115.40,1.359,12.026,-13.106,Stator Inter-turn Insulation Breakdown
0.491939,-0.8574,145.51,115.67,-1.816,13.577,-11.923,Stator Inter-turn Insulation Breakdown
0.492428,-0.7670,144.54,115.50,-5.638,14.562,-10.084,Stator Inter-turn Insulation Breakdown
0.492916,-0.7720,146.94,115.67,-8.687,14.833,-7.934,Stator Inter-turn Insulation Breakdown
0.493405,-0.5744,143.25,115.67,-11.399,14.844,-5.519,Stator Inter-turn Insulation Breakdown
0.493894,-0.4848,145.06,115.62,-14.234,14.147,-3.110,Stator Inter-turn Insulation Breakdown
0.494382,-0.6456,144.78,115.64,-16.188,13.058,-0.228,Stator Inter-turn Insulation Breakdown
0.494871,-0.7785,144.45,115.69,-18.017,11.417,2.132,Stator Inter-turn Insulation Breakdown
0.495359,-0.9644,144.30,115.56,-18.379,9.590,5.067,Stator Inter-turn Insulation Breakdown
0.495848,-1.4869,144.99,115.66,-18.937,7.328,7.423,Stator Inter-turn Insulation Breakdown
0.496336,-1.8235,144.77,115.69,-18.683,4.846,9.489,Stator Inter-turn Insulation Breakdown
0.496825,-1.8655,144.61,115.74,-17.761,2.185,11.499,Stator Inter-turn Insulation Breakdown
0.497313,-2.0351,143.70,115.51,-16.033,-0.485,12.782,Stator Inter-turn Insulation Breakdown
0.497802,-1.8864,143.38,115.63,-14.173,-3.337,13.937,Stator Inter-turn Insulation Breakdown
0.498290,-2.0672,144.71,115.52,-10.908,-5.718,14.517,Stator Inter-turn Insulation Breakdown
0.498779,-1.5421,144.60,115.52,-8.830,-8.282,14.594,Stator Inter-turn Insulation Breakdown
0.499267,-1.1869,144.80,115.63,-5.218,-10.338,14.072,Stator Inter-turn Insulation Breakdown
0.499756,-1.0203,144.89,115.61,-1.707,-12.049,13.212,Stator Inter-turn Insulation Breakdown
0.500244,-0.6146,144.48,115.69,1.574,-13.536,11.932,Stator Inter-turn Insulation Breakdown
0.500733,-0.3555,144.79,115.57,5.170,-14.546,10.101,Stator Inter-turn Insulation Breakdown
0.501221,0.0108,144.15,115.59,8.193,-14.809,8.111,Stator Inter-turn Insulation Breakdown
0.501710,0.2826,146.52,115.62,11.602,-14.835,5.659,Stator Inter-turn Insulation Breakdown
0.502198,0.7124,144.20,115.53,13.634,-14.045,3.264,Stator Inter-turn Insulation Breakdown
0.502687,0.5329,144.63,115.54,15.479,-13.179,0.657,Stator Inter-turn Insulation Breakdown
0.503175,0.2982,144.28,115.69,17.243,-11.420,-2.210,Stator Inter-turn Insulation Breakdown
0.503664,0.4151,144.26,115.56,18.541,-9.683,-4.695,Stator Inter-turn Insulation Breakdown
0.504152,0.3406,145.02,115.70,18.776,-7.463,-7.253,Stator Inter-turn Insulation Breakdown
0.504641,0.0498,144.90,115.65,18.651,-5.201,-9.526,Stator Inter-turn Insulation Breakdown
0.505129,0.1458,144.54,115.48,17.676,-2.353,-11.356,Stator Inter-turn Insulation Breakdown
0.505618,-0.0188,144.72,115.64,15.928,0.340,-12.804,Stator Inter-turn Insulation Breakdown
0.506106,-0.2631,144.28,115.64,13.895,2.922,-14.056,Stator Inter-turn Insulation Breakdown
0.506595,-0.0578,145.40,115.64,11.380,5.661,-14.411,Stator Inter-turn Insulation Breakdown
0.507084,0.2865,147.06,115.59,8.911,8.022,-14.571,Stator Inter-turn Insulation Breakdown
0.507572,0.3097,144.13,115.53,5.460,10.177,-14.093,Stator Inter-turn Insulation Breakdown
0.508061,0.9670,145.39,115.71,2.308,11.992,-13.266,Stator Inter-turn Insulation Breakdown
0.508549,1.0221,145.04,115.60,-1.359,13.329,-11.997,Stator Inter-turn Insulation Breakdown
0.509038,1.7826,145.67,115.53,-4.946,14.334,-10.321,Stator Inter-turn Insulation Breakdown
0.509526,2.0433,145.70,115.64,-8.376,14.751,-8.062,Stator Inter-turn Insulation Breakdown
0.510015,2.1664,145.21,115.54,-11.094,14.757,-5.648,Stator Inter-turn Insulation Breakdown
0.510503,2.0592,144.96,115.53,-13.732,14.110,-3.351,Stator Inter-turn Insulation Breakdown
0.510992,2.1376,144.57,115.57,-15.860,13.031,-0.553,Stator Inter-turn Insulation Breakdown
0.511480,1.8775,144.24,115.55,-17.470,11.596,1.954,Stator Inter-turn Insulation Breakdown
0.511969,1.5561,144.90,115.53,-18.835,9.946,4.580,Stator Inter-turn Insulation Breakdown
0.512457,1.3625,143.72,115.67,-18.545,7.701,7.057,Stator Inter-turn Insulation Breakdown
0.512946,1.2057,144.41,115.60,-18.545,5.273,9.380,Stator Inter-turn Insulation Breakdown
0.513434,0.8190,146.11,115.71,-17.929,2.652,11.106,Stator Inter-turn Insulation Breakdown
0.513923,0.8000,145.10,115.54,-16.063,-0.236,12.891,Stator Inter-turn Insulation Breakdown
0.514411,0.5507,145.89,115.47,-14.298,-2.867,13.922,Stator Inter-turn Insulation Breakdown
0.514900,0.4842,146.47,115.62,-11.504,-5.497,14.518,Stator Inter-turn Insulation Breakdown
0.515388,0.1882,144.82,115.75,-8.537,-7.862,14.558,Stator Inter-turn Insulation Breakdown
0.515877,0.5100,145.21,115.65,-5.311,-10.111,14.312,Stator Inter-turn Insulation Breakdown
0.516365,0.5682,144.70,115.86,-2.163,-11.887,13.098,Stator Inter-turn Insulation Breakdown
0.516854,0.8920,144.19,115.63,1.243,-13.300,12.142,Stator Inter-turn Insulation Breakdown
0.517342,0.9852,144.05,115.63,4.613,-14.215,10.412,Stator Inter-turn Insulation Breakdown
0.517831,1.1441,145.84,115.43,7.845,-14.681,8.154,Stator Inter-turn Insulation Breakdown
0.518319,1.3840,145.21,115.64,10.967,-14.717,6.048,Stator Inter-turn Insulation Breakdown
0.518808,1.2146,146.85,115.62,13.539,-14.196,3.529,Stator Inter-turn Insulation Breakdown
0.519297,1.1028,145.97,115.58,15.567,-13.187,0.628,Stator Inter-turn Insulation Breakdown
0.519785,0.4199,144.27,115.60,17.122,-11.599,-1.988,Stator Inter-turn Insulation Breakdown
0.520274,0.2999,145.84,115.60,18.361,-10.094,-4.283,Stator Inter-turn Insulation Breakdown
0.520762,0.0238,144.69,115.59,18.706,-7.838,-6.976,Stator Inter-turn Insulation Breakdown
0.521251,-0.3121,146.22,115.78,18.340,-5.233,-9.093,Stator Inter-turn Insulation Breakdown
0.521739,-1.1515,144.51,115.58,17.881,-2.654,-11.000,Stator Inter-turn Insulation Breakdown
0.522228,-1.2820,143.95,115.62,16.616,0.057,-12.619,Stator Inter-turn Insulation Breakdown
0.522716,-1.2865,144.20,115.58,14.452,2.807,-13.675,Stator Inter-turn Insulation Breakdown
0.523205,-1.5713,144.26,115.67,11.631,5.379,-14.640,Stator Inter-turn Insulation Breakdown
0.523693,-1.6687,144.16,115.62,8.882,7.737,-14.616,Stator Inter-turn Insulation Breakdown
0.524182,-1.6577,144.43,115.59,6.016,10.028,-14.572,Stator Inter-turn Insulation Breakdown
0.524670,-1.3903,145.86,115.46,2.096,11.803,-13.626,Stator Inter-turn Insulation Breakdown
0.525159,-1.2890,146.80,115.63,-0.968,13.192,-12.239,Stator Inter-turn Insulation Breakdown
0.525647,-0.8180,143.67,115.59,-4.832,14.294,-10.572,Stator Inter-turn Insulation Breakdown
0.526136,-0.5236,146.26,115.61,-7.469,14.798,-8.467,Stator Inter-turn Insulation Breakdown
0.526624,-0.7490,144.52,115.52,-10.892,14.763,-6.153,Stator Inter-turn Insulation Breakdown
0.527113,-0.5130,145.35,115.73,-12.995,14.424,-3.608,Stator Inter-turn Insulation Breakdown
0.527601,-0.5126,143.35,115.68,-15.275,13.413,-0.953,Stator Inter-turn Insulation Breakdown
0.528090,-0.8153,145.52,115.73,-17.293,11.960,1.747,Stator Inter-turn Insulation Breakdown
0.528578,-1.2982,142.99,115.70,-18.483,10.295,4.244,Stator Inter-turn Insulation Breakdown
0.529067,-1.2747,145.31,115.66,-18.748,7.862,6.747,Stator Inter-turn Insulation Breakdown
0.529555,-1.6133,145.26,115.52,-18.634,5.402,9.065,Stator Inter-turn Insulation Breakdown
0.530044,-1.8585,145.19,115.76,-17.861,2.923,11.008,Stator Inter-turn Insulation Breakdown
0.530532,-2.0699,144.27,115.54,-16.694,0.103,12.472,Stator Inter-turn Insulation Breakdown
0.531021,-2.0248,145.55,115.59,-14.493,-2.582,13.832,Stator Inter-turn Insulation Breakdown
0.531510,-1.8951,145.39,115.67,-12.154,-5.307,14.477,Stator Inter-turn Insulation Breakdown
0.531998,-1.4315,144.79,115.67,-8.959,-7.597,14.511,Stator Inter-turn Insulation Breakdown
0.532487,-1.4918,145.67,115.66,-5.702,-9.994,14.275,Stator Inter-turn Insulation Breakdown
0.532975,-0.9280,144.90,115.58,-2.383,-11.714,13.713,Stator Inter-turn Insulation Breakdown
0.533464,-0.7105,145.53,115.56,0.991,-13.167,12.286,Stator Inter-turn Insulation Breakdown
0.533952,-0.3920,144.87,115.82,4.175,-14.224,10.654,Stator Inter-turn Insulation Breakdown
0.534441,-0.0099,145.22,115.61,7.663,-14.892,8.538,Stator Inter-turn Insulation Breakdown
0.534929,0.0552,145.57,115.60,10.799,-14.931,6.261,Stator Inter-turn Insulation Breakdown
0.535418,0.4591,144.60,115.56,13.181,-14.369,3.924,Stator Inter-turn Insulation Breakdown
0.535906,0.1850,143.77,115.63,15.531,-13.296,1.138,Stator Inter-turn Insulation Breakdown
0.536395,0.3272,145.28,115.63,17.162,-11.925,-1.565,Stator Inter-turn Insulation Breakdown
0.536883,0.3675,146.19,115.61,18.627,-10.156,-4.189,Stator Inter-turn Insulation Breakdown
0.537372,0.3765,145.30,115.65,18.948,-8.099,-6.426,Stator Inter-turn Insulation Breakdown
0.537860,0.2470,145.32,115.76,18.749,-5.562,-8.941,Stator Inter-turn Insulation Breakdown
0.538349,-0.1413,144.96,115.57,17.502,-3.173,-10.990,Stator Inter-turn Insulation Breakdown
0.538837,-0.1597,145.74,115.62,16.495,-0.527,-12.565,Stator Inter-turn Insulation Breakdown
0.539326,-0.0261,144.81,115.56,14.488,2.403,-13.592,Stator Inter-turn Insulation Breakdown
0.539814,-0.2636,144.55,115.64,12.054,5.005,-14.521,Stator Inter-turn Insulation Breakdown
0.540303,0.2058,146.11,115.57,8.933,7.622,-14.554,Stator Inter-turn Insulation Breakdown
0.540791,0.3150,144.47,115.57,5.874,9.744,-14.400,Stator Inter-turn Insulation Breakdown
0.541280,0.7656,145.89,115.50,2.718,11.771,-13.756,Stator Inter-turn Insulation Breakdown
0.541768,1.0971,146.11,115.62,-0.498,13.037,-12.453,Stator Inter-turn Insulation Breakdown
0.542257,1.5883,145.57,115.65,-4.267,14.183,-10.718,Stator Inter-turn Insulation Breakdown
0.542745,1.9065,143.75,115.77,-7.517,14.674,-8.585,Stator Inter-turn Insulation Breakdown
0.543234,2.1702,145.03,115.65,-10.117,14.905,-6.342,Stator Inter-turn Insulation Breakdown
0.543723,2.1913,144.80,115.58,-13.215,14.314,-3.954,Stator Inter-turn Insulation Breakdown
0.544211,2.1488,144.50,115.51,-15.418,13.503,-1.186,Stator Inter-turn Insulation Breakdown
0.544700,2.2728,145.14,115.52,-17.132,11.940,1.366,Stator Inter-turn Insulation Breakdown
0.545188,1.5451,145.77,115.51,-18.516,10.228,3.893,Stator Inter-turn Insulation Breakdown
0.545677,1.7452,144.54,115.77,-18.653,8.136,6.543,Stator Inter-turn Insulation Breakdown
0.546165,1.1402,144.83,115.64,-18.784,5.870,8.670,Stator Inter-turn Insulation Breakdown
0.546654,0.9772,144.76,115.57,-17.914,2.928,10.881,Stator Inter-turn Insulation Breakdown
0.547142,0.6014,146.16,115.54,-16.469,0.413,12.498,Stator Inter-turn Insulation Breakdown
0.547631,0.3822,144.74,115.55,-14.258,-2.307,13.526,Stator Inter-turn Insulation Breakdown
0.548119,0.4917,143.77,115.57,-12.504,-5.118,14.364,Stator Inter-turn Insulation Breakdown
0.548608,0.6028,143.43,115.72,-9.248,-7.430,14.614,Stator Inter-turn Insulation Breakdown
0.549096,0.6284,145.36,115.62,-6.108,-9.762,14.444,Stator Inter-turn Insulation Breakdown
0.549585,0.6458,144.24,115.50,-3.059,-11.740,13.503,Stator Inter-turn Insulation Breakdown
0.550073,1.4634,145.67,115.80,0.639,-13.043,12.497,Stator Inter-turn Insulation Breakdown
0.550562,1.2828,143.67,115.53,4.281,-14.116,10.695,Stator Inter-turn Insulation Breakdown
0.551050,1.3738,144.46,115.57,7.098,-14.704,8.928,Stator Inter-turn Insulation Breakdown
0.551539,1.2297,143.67,115.73,10.353,-14.751,6.680,Stator Inter-turn Insulation Breakdown
0.552027,1.1347,145.43,115.65,13.091,-14.461,4.009,Stator Inter-turn Insulation Breakdown
0.552516,1.0215,145.65,115.58,15.382,-13.305,1.561,Stator Inter-turn Insulation Breakdown
0.553004,0.9565,145.34,115.52,17.178,-12.142,-1.403,Stator Inter-turn Insulation Breakdown
0.553493,0.2925,143.91,115.54,18.230,-10.255,-3.779,Stator Inter-turn Insulation Breakdown
0.553981,-0.1249,144.25,115.55,18.857,-8.444,-6.256,Stator Inter-turn Insulation Breakdown
0.554470,-0.3038,145.23,115.62,18.495,-5.973,-8.660,Stator Inter-turn Insulation Breakdown
0.554958,-0.7309,143.31,115.64,18.001,-3.235,-10.715,Stator Inter-turn Insulation Breakdown
0.555447,-1.2253,144.76,115.61,16.557,-0.628,-12.303,Stator Inter-turn Insulation Breakdown
0.555936,-1.5124,146.52,115.62,14.527,2.005,-13.617,Stator Inter-turn Insulation Breakdown
0.556424,-1.2629,144.82,115.54,12.292,4.576,-14.057,Stator Inter-turn Insulation Breakdown
0.556913,-1.4428,143.51,115.65,9.649,7.319,-14.658,Stator Inter-turn Insulation Breakdown
0.557401,-1.6178,144.39,115.73,6.559,9.551,-14.252,Stator Inter-turn Insulation Breakdown
0.557890,-1.4474,144.37,115.61,2.877,11.430,-13.757,Stator Inter-turn Insulation Breakdown
0.558378,-1.1041,147.14,115.61,-0.505,12.891,-12.359,Stator Inter-turn Insulation Breakdown
0.558867,-0.7311,146.67,115.63,-3.609,13.925,-10.730,Stator Inter-turn Insulation Breakdown
0.559355,-0.5752,145.73,115.71,-6.963,14.653,-8.936,Stator Inter-turn Insulation Breakdown
0.559844,-0.3827,144.66,115.55,-9.958,14.653,-6.685,Stator Inter-turn Insulation Breakdown
0.560332,-0.7508,146.20,115.74,-12.590,14.335,-4.322,Stator Inter-turn Insulation Breakdown
0.560821,-0.5645,143.87,115.66,-15.049,13.675,-1.703,Stator Inter-turn Insulation Breakdown
0.561309,-0.5460,146.08,115.63,-17.020,12.044,1.119,Stator Inter-turn Insulation Breakdown
0.561798,-0.7940,145.93,115.72,-18.122,10.564,3.883,Stator Inter-turn Insulation Breakdown
0.562286,-1.2168,144.85,115.53,-18.407,8.557,6.204,Stator Inter-turn Insulation Breakdown
0.562775,-1.2006,146.14,115.67,-18.146,6.117,8.789,Stator Inter-turn Insulation Breakdown
0.563263,-1.7098,144.55,115.66,-17.934,3.498,10.527,Stator Inter-turn Insulation Breakdown
0.563752,-1.8235,143.73,115.55,-16.638,0.718,12.273,Stator Inter-turn Insulation Breakdown
0.564240,-2.0538,145.98,115.66,-14.752,-2.020,13.521,Stator Inter-turn Insulation Breakdown
0.564729,-2.1437,144.91,115.65,-12.540,-4.834,14.278,Stator Inter-turn Insulation Breakdown
0.565217,-2.0070,145.60,115.61,-9.535,-7.103,14.392,Stator Inter-turn Insulation Breakdown
0.565706,-1.5925,146.82,115.70,-6.460,-9.404,14.348,Stator Inter-turn Insulation Breakdown
0.566194,-1.3154,144.28,115.58,-3.258,-11.374,13.757,Stator Inter-turn Insulation Breakdown
0.566683,-1.1670,144.86,115.65,0.052,-12.864,12.589,Stator Inter-turn Insulation Breakdown
0.567171,-0.6674,146.57,115.62,3.252,-13.979,11.098,Stator Inter-turn Insulation Breakdown
0.567660,-0.2061,145.67,115.58,7.023,-14.699,9.173,Stator Inter-turn Insulation Breakdown
0.568149,0.2387,144.30,115.67,10.007,-14.630,6.829,Stator Inter-turn Insulation Breakdown
0.568637,0.3236,144.04,115.61,12.568,-14.373,4.280,Stator Inter-turn Insulation Breakdown
0.569126,0.4087,144.47,115.51,14.810,-13.523,1.906,Stator Inter-turn Insulation Breakdown
0.569614,0.2647,144.26,115.48,16.981,-12.328,-1.069,Stator Inter-turn Insulation Breakdown
0.570103,0.3261,145.24,115.69,17.771,-10.556,-3.645,Stator Inter-turn Insulation Breakdown
0.570591,0.3750,145.08,115.53,18.782,-8.628,-6.202,Stator Inter-turn Insulation Breakdown
0.571080,0.0351,145.28,115.65,18.888,-6.113,-8.366,Stator Inter-turn Insulation Breakdown
0.571568,-0.3611,144.16,115.63,18.193,-3.633,-10.348,Stator Inter-turn Insulation Breakdown
0.572057,-0.4155,144.93,115.60,16.758,-1.025,-12.181,Stator Inter-turn Insulation Breakdown
0.572545,-0.1501,142.94,115.79,14.769,1.795,-13.414,Stator Inter-turn Insulation Breakdown
0.573034,-0.1840,145.15,115.64,12.812,4.428,-14.213,Stator Inter-turn Insulation Breakdown
0.573522,0.0281,146.18,115.69,10.180,7.199,-14.411,Stator Inter-turn Insulation Breakdown
0.574011,0.2269,143.58,115.65,6.735,9.283,-14.612,Stator Inter-turn Insulation Breakdown
0.574499,0.7395,145.48,115.61,3.629,11.359,-13.715,Stator Inter-turn Insulation Breakdown
0.574988,0.9955,144.39,115.63,0.403,12.896,-12.640,Stator Inter-turn Insulation Breakdown
0.575476,1.3816,145.80,115.75,-3.290,13.937,-11.174,Stator Inter-turn Insulation Breakdown
0.575965,1.6037,145.16,115.72,-6.768,14.567,-9.187,Stator Inter-turn Insulation Breakdown
0.576453,2.1100,145.40,115.79,-9.585,14.622,-6.917,Stator Inter-turn Insulation Breakdown
0.576942,2.0730,145.06,115.65,-12.714,14.392,-4.467,Stator Inter-turn Insulation Breakdown
0.577430,2.2142,146.33,115.56,-15.174,13.740,-1.691,Stator Inter-turn Insulation Breakdown
0.577919,1.8457,145.35,115.60,-16.596,12.375,0.789,Stator Inter-turn Insulation Breakdown
0.578407,2.0884,144.29,115.54,-18.116,10.755,3.436,Stator Inter-turn Insulation Breakdown
0.578896,1.7537,145.10,115.69,-18.765,8.464,5.956,Stator Inter-turn Insulation Breakdown
0.579384,0.9760,144.63,115.58,-18.862,6.369,8.368,Stator Inter-turn Insulation Breakdown
0.579873,0.8484,145.16,115.39,-18.232,3.876,10.367,Stator Inter-turn Insulation Breakdown
0.580362,0.7895,144.58,115.83,-16.644,0.904,12.078,Stator Inter-turn Insulation Breakdown
0.580850,0.3420,144.32,115.59,-14.807,-1.602,13.377,Stator Inter-turn Insulation Breakdown
0.581339,0.4339,145.20,115.59,-12.484,-4.171,14.207,Stator Inter-turn Insulation Breakdown
0.581827,0.5279,145.06,115.77,-9.893,-6.658,14.525,Stator Inter-turn Insulation Breakdown
0.582316,0.5338,146.06,115.54,-6.944,-9.166,14.499,Stator Inter-turn Insulation Breakdown
0.582804,0.8051,144.59,115.72,-4.013,-11.018,13.811,Stator Inter-turn Insulation Breakdown
0.583293,0.8161,143.02,115.59,-0.326,-12.559,12.816,Stator Inter-turn Insulation Breakdown
0.583781,0.7747,144.64,115.53,3.590,-13.838,11.249,Stator Inter-turn Insulation Breakdown
0.584270,1.4073,143.37,115.77,6.412,-14.457,9.302,Stator Inter-turn Insulation Breakdown
0.584758,1.4791,145.42,115.71,9.923,-14.802,7.284,Stator Inter-turn Insulation Breakdown
0.585247,1.6815,143.33,115.71,12.426,-14.472,4.664,Stator Inter-turn Insulation Breakdown
0.585735,0.8373,144.01,115.66,14.255,-13.796,2.124,Stator Inter-turn Insulation Breakdown
0.586224,1.0360,144.64,115.68,16.794,-12.508,-0.690,Stator Inter-turn Insulation Breakdown
0.586712,0.2927,146.54,115.54,18.230,-10.783,-3.483,Stator Inter-turn Insulation Breakdown
0.587201,0.4549,143.93,115.64,18.671,-8.865,-5.887,Stator Inter-turn Insulation Breakdown
0.587689,-0.1561,145.01,115.56,18.999,-6.490,-8.397,Stator Inter-turn Insulation Breakdown
0.588178,-0.7765,145.58,115.52,17.856,-3.844,-10.283,Stator Inter-turn Insulation Breakdown
0.588666,-0.8666,146.48,115.67,16.735,-1.035,-11.841,Stator Inter-turn Insulation Breakdown
0.589155,-1.3308,145.78,115.73,15.300,1.277,-13.402,Stator Inter-turn Insulation Breakdown
0.589643,-1.3611,146.09,115.61,13.085,4.351,-14.395,Stator Inter-turn Insulation Breakdown
0.590132,-1.4213,145.86,115.62,10.552,6.658,-14.428,Stator Inter-turn Insulation Breakdown
0.590620,-1.1324,143.79,115.55,7.352,9.086,-14.526,Stator Inter-turn Insulation Breakdown
0.591109,-0.9805,145.36,115.64,3.685,11.107,-13.891,Stator Inter-turn Insulation Breakdown
0.591597,-1.1495,145.85,115.70,0.533,12.776,-12.751,Stator Inter-turn Insulation Breakdown
0.592086,-0.6942,144.04,115.70,-2.839,13.749,-11.285,Stator Inter-turn Insulation Breakdown
0.592574,-0.6169,144.42,115.68,-6.684,14.535,-9.386,Stator Inter-turn Insulation Breakdown
0.593063,-0.7573,144.20,115.59,-9.454,14.795,-7.174,Stator Inter-turn Insulation Breakdown
0.593552,-0.6079,145.77,115.59,-12.330,14.506,-4.997,Stator Inter-turn Insulation Breakdown
0.594040,-0.2065,144.93,115.70,-14.796,13.924,-2.359,Stator Inter-turn Insulation Breakdown
0.594529,-0.6502,144.68,115.70,-16.471,12.568,0.580,Stator Inter-turn Insulation Breakdown
0.595017,-0.7787,143.72,115.62,-18.147,10.773,3.049,Stator Inter-turn Insulation Breakdown
0.595506,-1.2357,144.93,115.60,-18.573,8.860,5.619,Stator Inter-turn Insulation Breakdown
0.595994,-1.5746,144.43,115.73,-18.654,6.452,7.926,Stator Inter-turn Insulation Breakdown
0.596483,-1.7546,145.24,115.61,-18.023,4.050,10.106,Stator Inter-turn Insulation Breakdown
0.596971,-2.0017,143.86,115.70,-17.321,1.466,11.863,Stator Inter-turn Insulation Breakdown
0.597460,-2.2963,145.18,115.63,-15.677,-1.389,13.152,Stator Inter-turn Insulation Breakdown
0.597948,-2.2213,144.56,115.56,-13.079,-4.041,14.041,Stator Inter-turn Insulation Breakdown
0.598437,-1.8452,143.75,115.77,-10.506,-6.570,14.600,Stator Inter-turn Insulation Breakdown
0.598925,-1.7797,143.67,115.65,-6.830,-8.848,14.417,Stator Inter-turn Insulation Breakdown
0.599414,-1.4027,143.82,115.58,-4.029,-10.832,13.876,Stator Inter-turn Insulation Breakdown
0.599902,-1.0005,144.79,115.53,-0.681,-12.455,12.686,Stator Inter-turn Insulation Breakdown
0.600391,-0.6019,145.12,115.54,2.725,-13.539,11.629,Stator Inter-turn Insulation Breakdown
0.600879,-0.1138,145.27,115.61,5.875,-14.515,9.674,Stator Inter-turn Insulation Breakdown
0.601368,-0.1470,145.31,115.79,9.383,-14.726,7.351,Stator Inter-turn Insulation Breakdown
0.601856,0.3204,144.24,115.59,12.093,-14.730,4.880,Stator Inter-turn Insulation Breakdown
0.602345,0.4641,146.06,115.76,14.522,-13.887,2.373,Stator Inter-turn Insulation Breakdown
0.602833,0.5131,144.56,115.63,16.494,-12.686,-0.308,Stator Inter-turn Insulation Breakdown
0.603322,0.0796,145.45,115.55,17.899,-11.143,-3.102,Stator Inter-turn Insulation Breakdown
0.603810,0.1938,144.84,115.60,18.283,-9.103,-5.796,Stator Inter-turn Insulation Breakdown
0.604299,0.2490,145.38,115.54,18.944,-6.763,-7.974,Stator Inter-turn Insulation Breakdown
0.604787,-0.1771,144.79,115.57,18.118,-4.276,-10.190,Stator Inter-turn Insulation Breakdown
0.605276,-0.1968,145.39,115.57,17.152,-1.297,-11.789,Stator Inter-turn Insulation Breakdown
0.605765,-0.1824,144.99,115.49,15.748,1.216,-13.161,Stator Inter-turn Insulation Breakdown
0.606253,-0.3870,145.81,115.76,13.634,4.047,-14.204,Stator Inter-turn Insulation Breakdown
0.606742,0.2108,144.18,115.66,10.276,6.548,-14.611,Stator Inter-turn Insulation Breakdown
0.607230,0.2738,143.23,115.59,7.602,8.671,-14.339,Stator Inter-turn Insulation Breakdown
0.607719,0.6128,144.03,115.66,4.372,10.779,-13.905,Stator Inter-turn Insulation Breakdown
0.608207,0.6620,146.07,115.58,0.593,12.407,-13.022,Stator Inter-turn Insulation Breakdown
0.608696,1.4088,144.85,115.43,-2.399,13.689,-11.303,Stator Inter-turn Insulation Breakdown
0.609184,1.7061,145.09,115.88,-5.904,14.399,-9.817,Stator Inter-turn Insulation Breakdown
0.609673,2.1404,143.95,115.66,-9.056,14.753,-7.616,Stator Inter-turn Insulation Breakdown
0.610161,2.0156,145.07,115.60,-12.137,14.634,-5.128,Stator Inter-turn Insulation Breakdown
0.610650,1.9637,143.98,115.49,-14.326,13.938,-2.680,Stator Inter-turn Insulation Breakdown
0.611138,1.9423,144.12,115.52,-16.209,12.766,0.328,Stator Inter-turn Insulation Breakdown
0.611627,1.7985,144.60,115.78,-17.765,11.140,2.839,Stator Inter-turn Insulation Breakdown
0.612115,1.4588,145.45,115.77,-18.705,9.261,5.317,Stator Inter-turn Insulation Breakdown
0.612604,1.5301,145.55,115.71,-18.873,6.867,7.834,Stator Inter-turn Insulation Breakdown
0.613092,1.2424,145.58,115.56,-18.289,4.517,9.933,Stator Inter-turn Insulation Breakdown
0.613581,0.7553,143.41,115.77,-17.251,1.530,11.683,Stator Inter-turn Insulation Breakdown
0.614069,0.5339,144.99,115.68,-15.424,-0.941,12.990,Stator Inter-turn Insulation Breakdown
0.614558,0.2168,144.80,115.70,-13.517,-3.644,13.922,Stator Inter-turn Insulation Breakdown
0.615046,0.5863,143.47,115.68,-11.026,-6.323,14.763,Stator Inter-turn Insulation Breakdown
0.615535,0.8132,145.02,115.53,-7.708,-8.641,14.396,Stator Inter-turn Insulation Breakdown
0.616023,0.6241,144.75,115.55,-4.610,-10.619,14.197,Stator Inter-turn Insulation Breakdown
0.616512,0.8975,145.51,115.61,-0.939,-12.272,12.963,Stator Inter-turn Insulation Breakdown
0.617000,1.1795,145.08,115.70,2.361,-13.820,11.707,Stator Inter-turn Insulation Breakdown
0.617489,1.5380,144.45,115.54,5.866,-14.401,9.861,Stator Inter-turn Insulation Breakdown
0.617978,1.4052,145.93,115.63,8.714,-14.839,7.735,Stator Inter-turn Insulation Breakdown
0.618466,1.4048,142.78,115.63,11.826,-14.511,5.337,Stator Inter-turn Insulation Breakdown
0.618955,1.2929,144.94,115.71,14.138,-14.142,2.520,Stator Inter-turn Insulation Breakdown
0.619443,0.8327,143.24,115.70,16.032,-12.576,-0.060,Stator Inter-turn Insulation Breakdown
0.619932,0.5140,144.09,115.57,17.552,-11.339,-2.803,Stator Inter-turn Insulation Breakdown
0.620420,0.2249,145.52,115.76,18.463,-9.156,-5.231,Stator Inter-turn Insulation Breakdown
0.620909,0.0795,143.73,115.56,19.041,-7.040,-7.788,Stator Inter-turn Insulation Breakdown
0.621397,-0.5351,143.58,115.74,18.263,-4.611,-10.001,Stator Inter-turn Insulation Breakdown
0.621886,-0.9309,147.38,115.60,17.086,-1.846,-11.642,Stator Inter-turn Insulation Breakdown
0.622374,-1.2214,143.64,115.66,15.743,0.950,-13.262,Stator Inter-turn Insulation Breakdown
0.622863,-1.3461,146.65,115.67,13.567,3.384,-13.997,Stator Inter-turn Insulation Breakdown
0.623351,-1.1445,144.83,115.67,10.849,6.181,-14.656,Stator Inter-turn Insulation Breakdown
0.623840,-1.3899,144.48,115.70,7.931,8.475,-14.630,Stator Inter-turn Insulation Breakdown
0.624328,-1.3640,145.57,115.68,4.905,10.612,-14.298,Stator Inter-turn Insulation Breakdown
0.624817,-1.0618,146.34,115.71,1.431,12.277,-12.953,Stator Inter-turn Insulation Breakdown
0.625305,-0.5991,143.85,115.69,-2.042,13.525,-11.868,Stator Inter-turn Insulation Breakdown
0.625794,-0.7503,144.49,115.55,-5.779,14.318,-9.966,Stator Inter-turn Insulation Breakdown
0.626282,-0.7156,145.85,115.67,-8.161,14.855,-7.981,Stator Inter-turn Insulation Breakdown
0.626771,-0.5555,145.29,115.61,-11.429,14.714,-5.493,Stator Inter-turn Insulation Breakdown
0.627259,-0.4968,146.10,115.56,-14.043,14.076,-2.660,Stator Inter-turn Insulation Breakdown
0.627748,-0.5441,145.52,115.63,-16.407,12.942,-0.135,Stator Inter-turn Insulation Breakdown
0.628236,-0.7103,146.81,115.67,-17.466,11.447,2.440,Stator Inter-turn Insulation Breakdown
0.628725,-1.2899,145.18,115.67,-18.640,9.563,5.100,Stator Inter-turn Insulation Breakdown
0.629213,-1.5709,145.22,115.74,-18.836,6.985,7.466,Stator Inter-turn Insulation Breakdown
0.629702,-1.7564,145.32,115.76,-18.755,4.446,9.677,Stator Inter-turn Insulation Breakdown
0.630191,-1.8311,144.86,115.68,-17.665,2.202,11.597,Stator Inter-turn Insulation Breakdown
0.630679,-2.2623,145.85,115.69,-15.738,-0.823,12.937,Stator Inter-turn Insulation Breakdown
0.631168,-2.1951,145.24,115.66,-13.499,-3.493,14.000,Stator Inter-turn Insulation Breakdown
0.631656,-2.1056,145.79,115.71,-10.974,-5.994,14.537,Stator Inter-turn Insulation Breakdown
0.632145,-1.6754,145.94,115.69,-8.016,-8.511,14.526,Stator Inter-turn Insulation Breakdown
0.632633,-1.4435,145.43,115.65,-4.918,-10.481,14.037,Stator Inter-turn Insulation Breakdown
0.633122,-1.0299,145.50,115.83,-1.580,-12.281,13.133,Stator Inter-turn Insulation Breakdown
0.633610,-0.5816,143.99,115.61,2.016,-13.542,11.885,Stator Inter-turn Insulation Breakdown
0.634099,-0.4595,144.45,115.77,5.514,-14.365,10.122,Stator Inter-turn Insulation Breakdown
0.634587,-0.2745,145.84,115.55,8.560,-14.815,7.820,Stator Inter-turn Insulation Breakdown
0.635076,-0.0370,146.42,115.72,11.722,-14.708,5.529,Stator Inter-turn Insulation Breakdown
0.635564,0.0024,143.06,115.77,13.969,-14.035,2.913,Stator Inter-turn Insulation Breakdown
0.636053,0.2450,144.43,115.50,15.875,-12.872,0.401,Stator Inter-turn Insulation Breakdown
0.636541,0.2000,145.02,115.67,17.583,-11.294,-2.404,Stator Inter-turn Insulation Breakdown
0.637030,0.2509,144.12,115.71,18.527,-9.566,-4.736,Stator Inter-turn Insulation Breakdown
0.637518,-0.0257,144.18,115.68,18.783,-7.129,-7.365,Stator Inter-turn Insulation Breakdown
0.638007,-0.2611,145.47,115.69,18.714,-4.744,-9.450,Stator Inter-turn Insulation Breakdown
0.638495,-0.3252,146.58,115.67,17.653,-2.311,-11.528,Stator Inter-turn Insulation Breakdown
0.638984,-0.5127,142.97,115.57,15.648,0.404,-12.896,Stator Inter-turn Insulation Breakdown
0.639472,-0.1586,144.83,115.85,14.145,3.172,-13.871,Stator Inter-turn Insulation Breakdown
0.639961,-0.2830,145.46,115.62,10.725,5.964,-14.599,Stator Inter-turn Insulation Breakdown
0.640449,-0.0908,145.78,115.69,8.758,8.163,-14.567,Stator Inter-turn Insulation Breakdown
0.640938,0.5275,145.32,115.60,5.042,10.140,-14.045,Stator Inter-turn Insulation Breakdown
0.641426,0.8646,146.76,115.47,1.662,12.073,-13.285,Stator Inter-turn Insulation Breakdown
0.641915,0.9053,145.03,115.58,-1.769,13.255,-11.991,Stator Inter-turn Insulation Breakdown
0.642404,1.6490,146.31,115.54,-5.078,14.250,-9.977,Stator Inter-turn Insulation Breakdown
0.642892,1.7005,144.35,115.74,-8.379,14.713,-8.182,Stator Inter-turn Insulation Breakdown
0.643381,1.9513,145.06,115.61,-11.346,14.704,-5.684,Stator Inter-turn Insulation Breakdown
0.643869,2.1176,143.79,115.62,-13.615,14.212,-3.213,Stator Inter-turn Insulation Breakdown
0.644358,2.1419,145.90,115.57,-15.852,13.122,-0.572,Stator Inter-turn Insulation Breakdown
0.644846,1.9778,144.88,115.67,-17.705,11.436,2.277,Stator Inter-turn Insulation Breakdown
0.645335,1.6763,145.36,115.60,-18.321,9.628,4.788,Stator Inter-turn Insulation Breakdown
0.645823,1.3419,144.69,115.74,-18.695,7.457,7.292,Stator Inter-turn Insulation Breakdown
0.646312,1.1767,145.59,115.68,-18.604,4.955,9.224,Stator Inter-turn Insulation Breakdown
0.646800,0.8326,145.40,115.61,-17.406,2.318,11.378,Stator Inter-turn Insulation Breakdown
0.647289,0.9165,144.01,115.73,-16.072,-0.543,12.751,Stator Inter-turn Insulation Breakdown
0.647777,0.6133,144.06,115.66,-14.018,-3.189,13.697,Stator Inter-turn Insulation Breakdown
0.648266,0.3620,144.97,115.66,-11.484,-5.714,14.665,Stator Inter-turn Insulation Breakdown
0.648754,0.4971,145.66,115.54,-8.994,-8.390,14.639,Stator Inter-turn Insulation Breakdown
0.649243,0.7206,146.86,115.65,-5.399,-10.151,14.211,Stator Inter-turn Insulation Breakdown
0.649731,1.1014,145.30,115.69,-1.758,-12.140,13.442,Stator Inter-turn Insulation Breakdown
0.650220,1.3239,146.01,115.77,1.552,-13.317,12.021,Stator Inter-turn Insulation Breakdown
0.650708,1.2327,143.39,115.60,4.704,-14.256,10.190,Stator Inter-turn Insulation Breakdown
0.651197,1.2699,147.01,115.84,8.391,-14.816,8.178,Stator Inter-turn Insulation Breakdown
0.651685,1.2778,145.61,115.71,11.098,-14.608,5.776,Stator Inter-turn Insulation Breakdown
0.652174,1.3938,144.95,115.54,13.495,-14.082,3.245,Stator Inter-turn Insulation Breakdown
0.652662,1.5087,144.84,115.59,16.298,-13.158,0.509,Stator Inter-turn Insulation Breakdown
0.653151,0.9502,143.89,115.77,17.228,-11.695,-2.144,Stator Inter-turn Insulation Breakdown
0.653639,0.2595,144.18,115.76,18.606,-9.675,-4.570,Stator Inter-turn Insulation Breakdown
0.654128,-0.0241,146.91,115.66,18.644,-7.563,-7.082,Stator Inter-turn Insulation Breakdown
0.654617,-0.4263,144.01,115.67,18.557,-5.026,-9.380,Stator Inter-turn Insulation Breakdown
0.655105,-0.8373,143.99,115.57,17.455,-2.741,-11.331,Stator Inter-turn Insulation Breakdown
0.655594,-1.0821,144.30,115.77,15.897,0.222,-12.788,Stator Inter-turn Insulation Breakdown
0.656082,-1.1812,143.80,115.58,14.212,2.761,-14.004,Stator Inter-turn Insulation Breakdown
0.656571,-1.2369,145.02,115.73,11.675,5.524,-14.443,Stator Inter-turn Insulation Breakdown
0.657059,-1.1692,146.09,115.77,8.917,8.018,-14.492,Stator Inter-turn Insulation Breakdown
0.657548,-1.1544,144.39,115.67,5.481,10.273,-13.987,Stator Inter-turn Insulation Breakdown
0.658036,-1.3597,143.63,115.74,2.546,11.816,-13.491,Stator Inter-turn Insulation Breakdown
0.658525,-1.0275,145.29,115.81,-1.301,13.265,-11.995,Stator Inter-turn Insulation Breakdown
0.659013,-0.7021,144.94,115.69,-4.653,14.265,-10.451,Stator Inter-turn Insulation Breakdown
0.659502,-0.5095,146.00,115.65,-8.287,14.651,-8.438,Stator Inter-turn Insulation Breakdown
0.659990,-0.3288,144.55,115.66,-11.117,14.822,-6.100,Stator Inter-turn Insulation Breakdown
0.660479,-0.4695,144.74,115.60,-13.497,14.195,-3.434,Stator Inter-turn Insulation Breakdown
0.660967,-0.5829,144.85,115.60,-15.765,13.212,-0.884,Stator Inter-turn Insulation Breakdown
0.661456,-0.7566,145.09,115.70,-17.324,11.812,1.831,Stator Inter-turn Insulation Breakdown
0.661944,-1.0968,144.61,115.65,-18.552,9.897,4.467,Stator Inter-turn Insulation Breakdown
0.662433,-1.3440,144.45,115.69,-18.770,7.640,6.904,Stator Inter-turn Insulation Breakdown
0.662921,-1.4803,143.15,115.55,-18.540,5.273,9.127,Stator Inter-turn Insulation Breakdown
0.663410,-1.9087,144.43,115.66,-17.941,2.573,10.884,Stator Inter-turn Insulation Breakdown
0.663898,-2.0681,145.72,115.75,-16.119,-0.042,12.679,Stator Inter-turn Insulation Breakdown
0.664387,-2.1312,145.85,115.58,-14.581,-2.663,13.791,Stator Inter-turn Insulation Breakdown
0.664875,-1.8768,144.53,115.67,-11.715,-5.496,14.353,Stator Inter-turn Insulation Breakdown
0.665364,-2.0674,146.30,115.52,-8.513,-7.966,14.628,Stator Inter-turn Insulation Breakdown
0.665852,-1.3651,144.97,115.56,-5.544,-9.977,14.398,Stator Inter-turn Insulation Breakdown
0.666341,-1.4665,143.66,115.73,-2.168,-11.891,13.445,Stator Inter-turn Insulation Breakdown
0.666830,-1.0115,143.35,115.64,0.974,-13.244,12.305,Stator Inter-turn Insulation Breakdown
0.667318,-0.4297,146.22,115.81,4.924,-14.200,10.714,Stator Inter-turn Insulation Breakdown
0.667807,-0.0578,144.63,115.70,8.108,-14.949,8.706,Stator Inter-turn Insulation Breakdown
0.668295,-0.1683,143.79,115.71,10.661,-14.671,6.011,Stator Inter-turn Insulation Breakdown
0.668784,0.0378,142.74,115.58,13.366,-14.363,3.482,Stator Inter-turn Insulation Breakdown
0.669272,0.3005,144.60,115.64,15.888,-13.273,0.903,Stator Inter-turn Insulation Breakdown
0.669761,0.5726,145.40,115.61,17.643,-11.912,-1.723,Stator Inter-turn Insulation Breakdown
0.670249,0.2953,144.30,115.58,18.093,-10.076,-4.203,Stator Inter-turn Insulation Breakdown
0.670738,-0.0852,143.95,115.72,18.587,-7.688,-6.777,Stator Inter-turn Insulation Breakdown
0.671226,-0.5740,144.45,115.74,18.565,-5.396,-9.206,Stator Inter-turn Insulation Breakdown
0.671715,-0.3310,146.24,115.70,17.338,-2.724,-11.086,Stator Inter-turn Insulation Breakdown
0.672203,-0.3560,143.61,115.60,16.352,-0.091,-12.596,Stator Inter-turn Insulation Breakdown
0.672692,-0.4451,144.36,115.70,14.609,2.668,-13.881,Stator Inter-turn Insulation Breakdown
0.673180,-0.3902,146.21,115.52,11.621,5.272,-14.406,Stator Inter-turn Insulation Breakdown
0.673669,-0.0127,145.49,115.78,9.069,7.702,-14.715,Stator Inter-turn Insulation Breakdown
0.674157,0.1332,145.18,115.57,5.756,9.975,-14.457,Stator Inter-turn Insulation Breakdown
0.674646,0.9240,144.35,115.58,2.831,11.734,-13.598,Stator Inter-turn Insulation Breakdown
0.675134,1.2604,145.03,115.68,-1.066,13.404,-12.217,Stator Inter-turn Insulation Breakdown
0.675623,1.5025,144.46,115.69,-4.070,14.283,-10.558,Stator Inter-turn Insulation Breakdown
0.676111,1.7309,144.14,115.66,-7.768,14.605,-8.571,Stator Inter-turn Insulation Breakdown
0.676600,1.8429,143.92,115.58,-10.510,14.736,-6.173,Stator Inter-turn Insulation Breakdown
0.677088,2.0531,145.78,115.76,-13.269,14.328,-3.663,Stator Inter-turn Insulation Breakdown
0.677577,2.2985,144.94,115.54,-15.551,13.345,-1.084,Stator Inter-turn Insulation Breakdown
0.678065,2.0685,145.31,115.55,-17.361,12.010,1.587,Stator Inter-turn Insulation Breakdown
0.678554,1.7638,145.15,115.66,-18.236,10.217,4.225,Stator Inter-turn Insulation Breakdown
0.679043,1.6075,145.44,115.57,-18.868,7.856,6.686,Stator Inter-turn Insulation Breakdown
0.679531,1.2648,144.75,115.77,-18.761,5.703,8.745,Stator Inter-turn Insulation Breakdown
0.680020,0.9739,144.52,115.58,-17.542,2.921,11.035,Stator Inter-turn Insulation Breakdown
0.680508,0.8456,144.18,115.80,-16.337,0.205,12.551,Stator Inter-turn Insulation Breakdown
0.680997,0.6397,143.59,115.76,-14.372,-2.509,13.556,Stator Inter-turn Insulation Breakdown
0.681485,0.6486,143.88,115.77,-12.143,-5.000,14.524,Stator Inter-turn Insulation Breakdown
0.681974,0.5964,144.63,115.82,-9.258,-7.567,14.540,Stator Inter-turn Insulation Breakdown
0.682462,0.6677,143.40,115.68,-6.114,-9.812,14.312,Stator Inter-turn Insulation Breakdown
0.682951,0.8127,143.62,115.59,-2.635,-11.663,13.664,Stator Inter-turn Insulation Breakdown
0.683439,1.0051,146.04,115.67,0.878,-13.282,12.365,Stator Inter-turn Insulation Breakdown
0.683928,1.0575,145.22,115.63,4.171,-14.225,10.839,Stator Inter-turn Insulation Breakdown
0.684416,1.3001,144.55,115.62,7.305,-14.826,8.672,Stator Inter-turn Insulation Breakdown
0.684905,1.3490,147.27,115.69,10.649,-14.792,6.583,Stator Inter-turn Insulation Breakdown
0.685393,1.3616,143.35,115.65,13.182,-14.263,3.825,Stator Inter-turn Insulation Breakdown
0.685882,1.5069,145.98,115.61,15.121,-13.353,1.392,Stator Inter-turn Insulation Breakdown
0.686370,0.9787,144.89,115.65,16.694,-11.908,-1.651,Stator Inter-turn Insulation Breakdown
0.686859,0.6843,145.79,115.72,18.313,-10.150,-4.171,Stator Inter-turn Insulation Breakdown
0.687347,0.2826,145.11,115.75,18.603,-8.178,-6.531,Stator Inter-turn Insulation Breakdown
0.687836,0.0596,143.13,115.55,18.736,-5.720,-8.878,Stator Inter-turn Insulation Breakdown
0.688324,-0.6582,145.10,115.65,17.744,-3.129,-10.824,Stator Inter-turn Insulation Breakdown
0.688813,-0.9353,145.34,115.66,16.570,-0.639,-12.426,Stator Inter-turn Insulation Breakdown
0.689301,-1.1562,142.81,115.58,14.553,2.171,-13.741,Stator Inter-turn Insulation Breakdown
0.689790,-1.1002,146.94,115.67,12.569,4.915,-14.465,Stator Inter-turn Insulation Breakdown
0.690278,-1.0895,145.31,115.69,9.586,7.386,-14.577,Stator Inter-turn Insulation Breakdown
0.690767,-1.1424,145.67,115.72,6.524,9.676,-14.419,Stator Inter-turn Insulation Breakdown
0.691255,-0.8778,143.83,115.68,2.907,11.567,-13.485,Stator Inter-turn Insulation Breakdown
0.691744,-0.8458,145.69,115.61,-0.384,12.850,-12.445,Stator Inter-turn Insulation Breakdown
0.692233,-0.7065,146.09,115.84,-3.962,14.145,-10.740,Stator Inter-turn Insulation Breakdown
0.692721,-0.3479,145.25,115.74,-6.984,14.700,-8.788,Stator Inter-turn Insulation Breakdown
0.693210,-0.3632,144.99,115.72,-10.343,14.837,-6.614,Stator Inter-turn Insulation Breakdown
0.693698,-0.5470,144.11,115.76,-13.310,14.475,-4.252,Stator Inter-turn Insulation Breakdown
0.694187,-0.3843,144.78,115.70,-15.692,13.461,-1.298,Stator Inter-turn Insulation Breakdown
0.694675,-0.7532,144.49,115.78,-16.703,12.251,1.170,Stator Inter-turn Insulation Breakdown
0.695164,-1.0306,145.57,115.68,-18.108,10.278,3.870,Stator Inter-turn Insulation Breakdown
0.695652,-1.1466,144.15,115.68,-18.647,8.163,6.405,Stator Inter-turn Insulation Breakdown
0.696141,-1.5964,145.56,115.73,-18.376,5.911,8.708,Stator Inter-turn Insulation Breakdown
0.696629,-1.7909,144.16,115.80,-18.290,3.244,10.807,Stator Inter-turn Insulation Breakdown
0.697118,-1.9439,144.74,115.80,-16.711,0.609,12.347,Stator Inter-turn Insulation Breakdown
0.697606,-2.2545,145.62,115.73,-14.802,-1.936,13.552,Stator Inter-turn Insulation Breakdown
0.698095,-2.0575,144.30,115.72,-12.223,-4.742,14.426,Stator Inter-turn Insulation Breakdown
0.698583,-1.7736,145.65,115.74,-9.709,-7.244,14.659,Stator Inter-turn Insulation Breakdown
0.699072,-1.8755,145.55,115.76,-6.685,-9.591,14.307,Stator Inter-turn Insulation Breakdown
0.699560,-1.3413,144.73,115.78,-3.344,-11.591,13.560,Stator Inter-turn Insulation Breakdown
0.700049,-1.1655,146.16,115.66,0.576,-12.959,12.425,Stator Inter-turn Insulation Breakdown
0.700537,-0.5151,145.08,115.79,3.634,-13.937,10.912,Stator Inter-turn Insulation Breakdown
0.701026,-0.1778,146.10,115.71,6.981,-14.694,8.832,Stator Inter-turn Insulation Breakdown
0.701514,-0.1116,146.79,115.73,10.287,-14.743,6.703,Stator Inter-turn Insulation Breakdown
0.702003,0.4531,144.76,115.79,12.745,-14.263,4.191,Stator Inter-turn Insulation Breakdown
0.702491,0.3663,145.64,115.74,14.833,-13.400,1.319,Stator Inter-turn Insulation Breakdown
0.702980,0.2875,144.36,115.75,16.633,-12.174,-1.252,Stator Inter-turn Insulation Breakdown
0.703468,0.1801,143.97,115.65,18.141,-10.463,-4.047,Stator Inter-turn Insulation Breakdown
0.703957,0.0799,144.80,115.80,18.841,-8.541,-6.313,Stator Inter-turn Insulation Breakdown
0.704446,-0.3825,143.64,115.74,18.656,-6.077,-8.479,Stator Inter-turn Insulation Breakdown
0.704934,-0.3464,144.06,115.69,18.105,-3.464,-10.793,Stator Inter-turn Insulation Breakdown
0.705423,-0.4025,145.59,115.77,16.409,-0.827,-12.394,Stator Inter-turn Insulation Breakdown
0.705911,-0.5188,144.49,115.89,14.570,2.003,-13.522,Stator Inter-turn Insulation Breakdown
0.706400,-0.2867,145.71,115.59,12.974,4.821,-14.399,Stator Inter-turn Insulation Breakdown
0.706888,0.0337,145.30,115.62,9.990,7.278,-14.704,Stator Inter-turn Insulation Breakdown
0.707377,0.0815,146.85,115.90,6.788,9.406,-14.352,Stator Inter-turn Insulation Breakdown
0.707865,0.4977,145.52,115.72,3.169,11.397,-13.779,Stator Inter-turn Insulation Breakdown
0.708354,0.7744,146.11,115.70,-0.192,12.801,-12.736,Stator Inter-turn Insulation Breakdown
0.708842,1.0120,145.40,115.67,-3.585,14.139,-11.229,Stator Inter-turn Insulation Breakdown
0.709331,1.7311,145.31,115.78,-6.641,14.483,-8.859,Stator Inter-turn Insulation Breakdown
0.709819,1.8623,146.16,115.89,-9.909,14.881,-6.720,Stator Inter-turn Insulation Breakdown
0.710308,2.0191,145.67,115.63,-12.632,14.490,-4.400,Stator Inter-turn Insulation Breakdown
0.710796,1.8926,145.21,115.68,-15.087,13.528,-1.720,Stator Inter-turn Insulation Breakdown
0.711285,1.9279,145.21,115.66,-16.703,12.285,0.906,Stator Inter-turn Insulation Breakdown
0.711773,1.9391,145.54,115.74,-18.038,10.478,3.658,Stator Inter-turn Insulation Breakdown
0.712262,1.5263,144.33,115.78,-18.715,8.410,6.052,Stator Inter-turn Insulation Breakdown
0.712750,1.2515,144.29,115.81,-18.865,6.000,8.405,Stator Inter-turn Insulation Breakdown
0.713239,1.0076,146.43,115.75,-18.098,3.667,10.541,Stator Inter-turn Insulation Breakdown
0.713727,0.5654,146.86,115.89,-17.039,1.021,12.322,Stator Inter-turn Insulation Breakdown
0.714216,0.6931,144.07,115.64,-15.010,-2.036,13.520,Stator Inter-turn Insulation Breakdown
0.714704,0.3514,144.33,115.62,-12.655,-4.295,14.384,Stator Inter-turn Insulation Breakdown
0.715193,0.4347,146.14,115.80,-10.397,-6.988,14.561,Stator Inter-turn Insulation Breakdown
0.715681,0.5396,145.53,115.70,-6.869,-9.229,14.369,Stator Inter-turn Insulation Breakdown
0.716170,0.8543,145.68,115.58,-3.735,-11.363,13.588,Stator Inter-turn Insulation Breakdown
0.716659,1.0407,145.90,115.66,0.042,-12.662,12.674,Stator Inter-turn Insulation Breakdown
0.717147,1.2979,144.76,115.71,3.513,-13.920,11.160,Stator Inter-turn Insulation Breakdown
0.717636,1.3203,145.33,115.64,6.630,-14.501,9.172,Stator Inter-turn Insulation Breakdown
0.718124,1.6856,145.25,115.61,9.927,-14.673,6.893,Stator Inter-turn Insulation Breakdown
0.718613,1.6361,144.14,115.67,12.706,-14.341,4.628,Stator Inter-turn Insulation Breakdown
0.719101,1.3484,145.32,115.60,14.886,-13.730,1.948,Stator Inter-turn Insulation Breakdown
0.719590,1.0576,146.24,115.74,17.078,-12.414,-0.668,Stator Inter-turn Insulation Breakdown
0.720078,0.7068,144.67,115.53,17.898,-10.763,-3.550,Stator Inter-turn Insulation Breakdown
0.720567,0.3506,145.15,115.70,18.999,-8.559,-6.065,Stator Inter-turn Insulation Breakdown
0.721055,-0.2329,145.21,115.73,18.689,-6.270,-8.211,Stator Inter-turn Insulation Breakdown
0.721544,-0.5699,144.72,115.68,17.961,-3.638,-10.390,Stator Inter-turn Insulation Breakdown
0.722032,-0.6450,145.68,115.78,16.842,-0.948,-12.146,Stator Inter-turn Insulation Breakdown
0.722521,-0.9913,144.32,115.58,14.903,1.489,-13.434,Stator Inter-turn Insulation Breakdown
0.723009,-0.9492,146.33,115.63,12.978,4.462,-14.227,Stator Inter-turn Insulation Breakdown
0.723498,-1.2866,145.63,115.66,9.766,6.941,-14.486,Stator Inter-turn Insulation Breakdown
0.723986,-1.2418,144.06,115.75,7.289,9.096,-14.470,Stator Inter-turn Insulation Breakdown
0.724475,-1.1151,146.70,115.71,3.511,11.146,-13.754,Stator Inter-turn Insulation Breakdown
0.724963,-0.9204,145.17,115.86,0.427,12.701,-12.697,Stator Inter-turn Insulation Breakdown
0.725452,-0.7802,144.28,115.63,-3.182,13.948,-11.311,Stator Inter-turn Insulation Breakdown
0.725940,-0.4770,146.10,115.58,-6.472,14.552,-9.411,Stator Inter-turn Insulation Breakdown
0.726429,-0.4110,145.49,115.83,-9.763,14.846,-7.153,Stator Inter-turn Insulation Breakdown
0.726917,-0.4748,143.23,115.58,-12.366,14.514,-4.786,Stator Inter-turn Insulation Breakdown
0.727406,-0.2900,144.47,115.75,-14.781,13.682,-2.091,Stator Inter-turn Insulation Breakdown
0.727894,-0.3662,145.28,115.61,-16.971,12.498,0.793,Stator Inter-turn Insulation Breakdown
0.728383,-0.7257,142.84,115.53,-18.178,11.082,3.299,Stator Inter-turn Insulation Breakdown
0.728872,-1.1155,145.09,115.66,-18.792,8.709,5.774,Stator Inter-turn Insulation Breakdown
0.729360,-1.3957,145.16,115.76,-18.901,6.422,8.393,Stator Inter-turn Insulation Breakdown
0.729849,-1.5150,143.82,115.59,-17.932,3.831,10.182,Stator Inter-turn Insulation Breakdown
0.730337,-1.8984,145.27,115.74,-16.998,1.161,11.904,Stator Inter-turn Insulation Breakdown
0.730826,-2.2246,145.01,115.75,-15.397,-1.423,13.443,Stator Inter-turn Insulation Breakdown
0.731314,-2.0891,143.81,115.59,-13.067,-4.103,14.256,Stator Inter-turn Insulation Breakdown
0.731803,-1.9466,145.92,115.67,-10.357,-6.705,14.566,Stator Inter-turn Insulation Breakdown
0.732291,-1.9732,145.84,115.82,-7.255,-8.905,14.559,Stator Inter-turn Insulation Breakdown
0.732780,-1.5638,144.71,115.75,-4.111,-10.926,13.912,Stator Inter-turn Insulation Breakdown
0.733268,-0.9996,144.80,115.67,-0.624,-12.648,12.701,Stator Inter-turn Insulation Breakdown
0.733757,-1.0671,145.73,115.73,3.141,-13.984,11.083,Stator Inter-turn Insulation Breakdown
0.734245,-0.6349,144.80,115.64,6.374,-14.478,9.387,Stator Inter-turn Insulation Breakdown
0.734734,-0.1878,143.07,115.78,9.440,-14.783,7.353,Stator Inter-turn Insulation Breakdown
0.735222,0.0915,145.49,115.78,12.285,-14.536,4.758,Stator Inter-turn Insulation Breakdown
0.735711,-0.0652,144.19,115.70,14.674,-13.831,2.241,Stator Inter-turn Insulation Breakdown
0.736199,0.1200,144.61,115.71,16.543,-12.490,-0.467,Stator Inter-turn Insulation Breakdown
0.736688,0.2280,146.46,115.61,18.029,-10.884,-3.319,Stator Inter-turn Insulation Breakdown
0.737176,-0.0773,144.87,115.59,18.749,-8.929,-5.747,Stator Inter-turn Insulation Breakdown
0.737665,-0.1127,145.00,115.66,18.449,-6.712,-8.035,Stator Inter-turn Insulation Breakdown
0.738153,-0.4938,145.51,115.69,18.206,-3.944,-10.241,Stator Inter-turn Insulation Breakdown
0.738642,-0.6269,145.51,115.78,16.784,-1.316,-11.947,Stator Inter-turn Insulation Breakdown
0.739130,-0.3980,144.08,115.77,15.486,1.371,-13.216,Stator Inter-turn Insulation Breakdown
0.739619,-0.3907,144.94,115.71,13.267,3.756,-14.145,Stator Inter-turn Insulation Breakdown
0.740107,-0.4403,145.04,115.79,10.303,6.559,-14.465,Stator Inter-turn Insulation Breakdown
0.740596,-0.1039,145.27,115.62,7.361,8.857,-14.457,Stator Inter-turn Insulation Breakdown
0.741085,0.6022,145.29,115.78,3.671,10.837,-14.026,Stator Inter-turn Insulation Breakdown
0.741573,0.6198,147.59,115.63,0.858,12.623,-12.941,Stator Inter-turn Insulation Breakdown
0.742062,1.2903,143.82,115.80,-2.646,13.844,-11.419,Stator Inter-turn Insulation Breakdown
0.742550,1.4310,145.98,115.70,-5.916,14.576,-9.429,Stator Inter-turn Insulation Breakdown
0.743039,1.7800,146.18,115.54,-8.998,14.903,-7.428,Stator Inter-turn Insulation Breakdown
0.743527,2.0012,145.49,115.76,-12.376,14.465,-5.122,Stator Inter-turn Insulation Breakdown
0.744016,1.7027,144.35,115.76,-14.378,13.796,-2.306,Stator Inter-turn Insulation Breakdown
0.744504,1.7438,146.66,115.66,-16.193,12.655,0.253,Stator Inter-turn Insulation Breakdown
0.744993,1.8203,142.81,115.67,-18.163,10.964,2.868,Stator Inter-turn Insulation Breakdown
0.745481,1.4682,144.32,115.69,-18.669,9.104,5.564,Stator Inter-turn Insulation Breakdown
0.745970,1.4562,146.17,115.54,-18.848,6.679,8.037,Stator Inter-turn Insulation Breakdown
0.746458,0.7951,144.63,115.51,-18.110,4.334,9.992,Stator Inter-turn Insulation Breakdown
0.746947,0.8871,146.60,115.80,-17.647,1.441,11.869,Stator Inter-turn Insulation Breakdown
0.747435,0.4304,143.49,115.63,-15.111,-0.974,13.257,Stator Inter-turn Insulation Breakdown
0.747924,0.5072,143.89,115.85,-13.280,-3.666,14.192,Stator Inter-turn Insulation Breakdown
0.748412,0.4195,144.47,115.81,-10.409,-6.429,14.486,Stator Inter-turn Insulation Breakdown
0.748901,0.9726,145.42,115.82,-7.581,-8.638,14.401,Stator Inter-turn Insulation Breakdown
0.749389,0.6627,144.78,115.65,-4.191,-10.831,13.878,Stator Inter-turn Insulation Breakdown
0.749878,1.0593,144.51,115.57,-1.330,-12.362,13.046,Stator Inter-turn Insulation Breakdown
0.750366,1.0327,146.42,115.61,2.512,-13.732,11.585,Stator Inter-turn Insulation Breakdown
0.750855,1.7076,146.51,115.66,6.124,-14.630,9.585,Stator Inter-turn Insulation Breakdown
0.751343,1.6311,144.59,115.51,9.177,-15.151,7.729,Stator Inter-turn Insulation Breakdown
0.751832,1.5961,143.29,115.66,11.649,-14.621,4.989,Stator Inter-turn Insulation Breakdown
0.752320,1.6894,142.84,115.68,14.440,-13.869,2.605,Stator Inter-turn Insulation Breakdown
0.752809,1.2717,145.24,115.60,16.227,-12.596,-0.020,Stator Inter-turn Insulation Breakdown
0.753298,0.9676,145.66,115.62,17.619,-11.128,-2.831,Stator Inter-turn Insulation Breakdown
0.753786,0.5703,145.06,115.68,18.303,-9.057,-5.494,Stator Inter-turn Insulation Breakdown
0.754275,0.2178,144.93,115.73,18.908,-6.918,-7.883,Stator Inter-turn Insulation Breakdown
0.754763,-0.3507,144.20,115.63,18.549,-4.390,-9.961,Stator Inter-turn Insulation Breakdown
0.755252,-0.6731,145.65,115.73,17.673,-1.587,-11.618,Stator Inter-turn Insulation Breakdown
0.755740,-0.8047,146.68,115.71,15.294,0.782,-13.241,Stator Inter-turn Insulation Breakdown
0.756229,-1.0690,142.78,115.71,13.554,3.717,-14.255,Stator Inter-turn Insulation Breakdown
0.756717,-1.2021,144.92,115.65,10.926,6.236,-14.510,Stator Inter-turn Insulation Breakdown
0.757206,-1.3650,144.03,115.60,7.638,8.760,-14.471,Stator Inter-turn Insulation Breakdown
0.757694,-0.8150,143.51,115.84,4.303,10.628,-13.824,Stator Inter-turn Insulation Breakdown
0.758183,-0.9684,143.87,115.75,0.850,12.428,-13.176,Stator Inter-turn Insulation Breakdown
0.758671,-0.5318,145.38,115.78,-2.494,13.746,-11.628,Stator Inter-turn Insulation Breakdown
0.759160,-0.4840,145.40,115.70,-5.722,14.319,-9.681,Stator Inter-turn Insulation Breakdown
0.759648,-0.5892,146.46,115.69,-8.670,14.780,-7.638,Stator Inter-turn Insulation Breakdown
0.760137,-0.1732,145.01,115.74,-11.599,14.576,-5.263,Stator Inter-turn Insulation Breakdown
0.760625,-0.3840,143.24,115.56,-14.620,14.045,-2.580,Stator Inter-turn Insulation Breakdown
0.761114,-0.3789,144.76,115.62,-16.449,12.877,-0.045,Stator Inter-turn Insulation Breakdown
0.761602,-0.8458,143.61,115.64,-17.474,11.212,2.773,Stator Inter-turn Insulation Breakdown
0.762091,-1.0082,143.79,115.67,-18.723,9.177,5.145,Stator Inter-turn Insulation Breakdown
0.762579,-1.6948,145.58,115.63,-18.803,7.117,7.523,Stator Inter-turn Insulation Breakdown
0.763068,-1.8041,145.19,115.73,-18.712,4.501,9.792,Stator Inter-turn Insulation Breakdown
0.763556,-2.1625,145.59,115.71,-17.098,1.688,11.376,Stator Inter-turn Insulation Breakdown
0.764045,-2.1817,144.64,115.82,-16.083,-1.023,13.060,Stator Inter-turn Insulation Breakdown
0.764533,-2.0985,145.79,115.90,-13.870,-3.517,13.856,Stator Inter-turn Insulation Breakdown
0.765022,-2.1850,144.59,115.60,-10.714,-6.259,14.560,Stator Inter-turn Insulation Breakdown
0.765511,-1.7772,146.12,115.72,-7.553,-8.309,14.562,Stator Inter-turn Insulation Breakdown
0.765999,-1.7547,145.34,115.72,-4.740,-10.664,14.057,Stator Inter-turn Insulation Breakdown
0.766488,-1.1507,144.79,115.71,-1.278,-12.289,13.151,Stator Inter-turn Insulation Breakdown
0.766976,-0.7200,145.21,115.62,2.370,-13.575,11.729,Stator Inter-turn Insulation Breakdown
0.767465,-0.4131,144.98,115.63,5.628,-14.507,9.884,Stator Inter-turn Insulation Breakdown
0.767953,-0.3176,146.60,115.73,8.690,-15.013,7.966,Stator Inter-turn Insulation Breakdown
0.768442,-0.3664,145.25,115.63,11.565,-14.624,5.428,Stator Inter-turn Insulation Breakdown
0.768930,0.1606,145.00,115.72,13.852,-14.078,2.890,Stator Inter-turn Insulation Breakdown
0.769419,0.0751,144.76,115.69,16.236,-12.877,0.249,Stator Inter-turn Insulation Breakdown
0.769907,-0.1212,145.84,115.72,17.647,-11.351,-2.467,Stator Inter-turn Insulation Breakdown
0.770396,-0.1912,145.71,115.63,18.457,-9.378,-4.918,Stator Inter-turn Insulation Breakdown
0.770884,-0.0575,144.73,115.72,18.596,-6.997,-7.525,Stator Inter-turn Insulation Breakdown
0.771373,-0.6021,143.84,115.64,18.233,-4.714,-9.704,Stator Inter-turn Insulation Breakdown
0.771861,-0.4767,144.10,115.72,17.530,-2.055,-11.602,Stator Inter-turn Insulation Breakdown
0.772350,-0.5546,144.82,115.82,15.987,0.545,-13.006,Stator Inter-turn Insulation Breakdown
0.772838,-0.5849,146.35,115.73,13.615,3.387,-14.058,Stator Inter-turn Insulation Breakdown
0.773327,-0.2736,144.75,115.74,11.001,6.027,-14.449,Stator Inter-turn Insulation Breakdown
0.773815,0.1345,144.41,115.77,7.949,8.316,-14.648,Stator Inter-turn Insulation Breakdown
0.774304,0.1845,143.24,115.60,5.065,10.500,-14.098,Stator Inter-turn Insulation Breakdown
0.774792,0.5801,146.51,115.85,1.476,12.182,-13.120,Stator Inter-turn Insulation Breakdown
0.775281,1.1082,145.57,115.63,-1.914,13.397,-11.787,Stator Inter-turn Insulation Breakdown
0.775769,1.5212,145.80,115.78,-5.305,14.429,-10.117,Stator Inter-turn Insulation Breakdown
0.776258,1.6663,145.96,115.77,-8.647,14.761,-7.845,Stator Inter-turn Insulation Breakdown
0.776746,1.8457,144.84,115.64,-11.736,14.678,-5.543,Stator Inter-turn Insulation Breakdown
0.777235,1.6517,145.08,115.79,-14.231,13.997,-3.254,Stator Inter-turn Insulation Breakdown
0.777723,1.8439,146.49,115.75,-15.860,12.900,-0.397,Stator Inter-turn Insulation Breakdown
0.778212,1.6605,145.18,115.86,-17.741,11.456,2.520,Stator Inter-turn Insulation Breakdown
0.778701,1.7232,145.59,115.73,-18.593,9.504,5.126,Stator Inter-turn Insulation Breakdown
0.779189,1.3248,145.87,115.70,-19.026,7.464,7.459,Stator Inter-turn Insulation Breakdown
0.779678,1.0502,145.64,115.67,-18.696,4.890,9.664,Stator Inter-turn Insulation Breakdown
0.780166,0.8512,144.87,115.57,-17.635,2.220,11.362,Stator Inter-turn Insulation Breakdown
0.780655,0.5437,144.97,115.69,-15.581,-0.570,12.882,Stator Inter-turn Insulation Breakdown
0.781143,0.8139,145.78,115.69,-13.687,-3.454,14.062,Stator Inter-turn Insulation Breakdown
0.781632,0.7777,145.78,115.73,-11.355,-5.921,14.541,Stator Inter-turn Insulation Breakdown
0.782120,0.9194,146.17,115.60,-8.085,-8.297,14.574,Stator Inter-turn Insulation Breakdown
0.782609,0.9470,145.55,115.69,-5.103,-10.373,14.126,Stator Inter-turn Insulation Breakdown
0.783097,1.0531,145.60,115.76,-1.400,-12.112,13.360,Stator Inter-turn Insulation Breakdown
0.783586,1.5217,144.55,115.77,2.229,-13.397,12.005,Stator Inter-turn Insulation Breakdown
0.784074,1.3696,144.42,115.56,5.389,-14.333,10.206,Stator Inter-turn Insulation Breakdown
0.784563,1.4677,145.78,115.77,8.424,-14.657,8.053,Stator Inter-turn Insulation Breakdown
0.785051,1.5410,144.43,115.69,11.482,-14.717,5.644,Stator Inter-turn Insulation Breakdown
0.785540,1.6319,144.98,115.70,13.899,-14.077,3.190,Stator Inter-turn Insulation Breakdown
0.786028,1.2483,146.38,115.53,15.613,-13.007,0.345,Stator Inter-turn Insulation Breakdown
0.786517,1.0469,146.22,115.83,17.392,-11.515,-2.314,Stator Inter-turn Insulation Breakdown
0.787005,0.4607,145.30,115.73,18.284,-9.520,-4.974,Stator Inter-turn Insulation Breakdown
0.787494,0.3613,144.70,115.59,18.665,-7.349,-7.147,Stator Inter-turn Insulation Breakdown
0.787982,-0.3531,144.88,115.75,18.849,-5.092,-9.539,Stator Inter-turn Insulation Breakdown
0.788471,-0.6432,145.87,115.74,17.779,-2.334,-11.301,Stator Inter-turn Insulation Breakdown
0.788959,-0.6271,144.96,115.81,16.114,0.392,-12.846,Stator Inter-turn Insulation Breakdown
0.789448,-0.8426,144.44,115.69,14.117,3.311,-13.602,Stator Inter-turn Insulation Breakdown
0.789936,-1.0647,146.22,115.72,11.033,5.661,-14.435,Stator Inter-turn Insulation Breakdown
0.790425,-1.0744,145.18,115.66,8.628,8.001,-14.764,Stator Inter-turn Insulation Breakdown
0.790914,-1.0998,144.42,115.76,5.454,10.275,-14.065,Stator Inter-turn Insulation Breakdown
0.791402,-0.9779,145.48,115.65,1.424,12.066,-13.347,Stator Inter-turn Insulation Breakdown
0.791891,-0.7310,145.97,115.65,-1.432,13.388,-12.004,Stator Inter-turn Insulation Breakdown
0.792379,-0.7296,143.99,115.71,-5.274,14.299,-10.321,Stator Inter-turn Insulation Breakdown
0.792868,-0.3379,144.80,115.62,-8.618,14.858,-8.157,Stator Inter-turn Insulation Breakdown
0.793356,-0.3176,144.75,115.85,-10.915,14.620,-5.805,Stator Inter-turn Insulation Breakdown
0.793845,-0.5077,145.45,115.87,-13.961,14.116,-3.338,Stator Inter-turn Insulation Breakdown
0.794333,-0.2724,145.63,115.68,-16.016,13.064,-0.663,Stator Inter-turn Insulation Breakdown
0.794822,-0.6435,144.45,115.61,-17.251,11.748,2.080,Stator Inter-turn Insulation Breakdown
0.795310,-0.9209,143.51,115.75,-18.497,9.796,4.447,Stator Inter-turn Insulation Breakdown
0.795799,-1.4181,146.03,115.68,-18.834,7.460,6.990,Stator Inter-turn Insulation Breakdown
0.796287,-1.6569,143.88,115.81,-18.566,5.013,9.513,Stator Inter-turn Insulation Breakdown
0.796776,-1.8267,145.27,115.66,-17.556,2.667,11.275,Stator Inter-turn Insulation Breakdown
0.797264,-2.0803,144.87,115.76,-16.175,-0.126,12.706,Stator Inter-turn Insulation Breakdown
0.797753,-1.9390,145.16,115.73,-14.066,-2.857,13.673,Stator Inter-turn Insulation Breakdown
0.798241,-2.1678,146.65,115.67,-11.672,-5.546,14.453,Stator Inter-turn Insulation Breakdown
0.798730,-2.0555,148.04,115.74,-8.592,-7.815,14.684,Stator Inter-turn Insulation Breakdown
0.799218,-1.6283,143.37,115.79,-5.397,-10.226,14.483,Stator Inter-turn Insulation Breakdown
0.799707,-1.5865,145.98,115.73,-1.694,-11.848,13.561,Stator Inter-turn Insulation Breakdown
0.800195,-0.8977,144.84,115.73,1.307,-13.371,11.984,Stator Inter-turn Insulation Breakdown
0.800684,-0.8772,146.05,115.65,4.757,-14.305,10.315,Stator Inter-turn Insulation Breakdown
0.801172,-0.2759,145.96,115.81,8.089,-14.678,8.159,Stator Inter-turn Insulation Breakdown
0.801661,-0.2333,146.41,115.80,11.211,-14.737,5.883,Stator Inter-turn Insulation Breakdown
0.802149,0.0767,145.28,115.69,13.403,-14.239,3.405,Stator Inter-turn Insulation Breakdown
0.802638,0.1820,144.11,115.71,15.784,-13.239,0.732,Stator Inter-turn Insulation Breakdown
0.803127,0.0173,145.93,115.83,16.872,-11.935,-1.709,Stator Inter-turn Insulation Breakdown
0.803615,-0.3083,145.12,115.63,18.341,-9.810,-4.664,Stator Inter-turn Insulation Breakdown
0.804104,-0.4251,144.77,115.77,19.009,-7.803,-7.002,Stator Inter-turn Insulation Breakdown
0.804592,-0.5645,144.52,115.68,18.414,-5.072,-9.432,Stator Inter-turn Insulation Breakdown
0.805081,-0.8685,146.01,115.86,17.730,-2.665,-11.109,Stator Inter-turn Insulation Breakdown
0.805569,-0.4753,146.60,115.73,16.127,0.207,-12.815,Stator Inter-turn Insulation Breakdown
0.806058,-0.5951,143.80,115.82,14.050,2.604,-13.681,Stator Inter-turn Insulation Breakdown
0.806546,-0.6444,145.62,115.66,11.924,5.473,-14.465,Stator Inter-turn Insulation Breakdown
0.807035,-0.0161,144.63,115.62,8.632,7.931,-14.732,Stator Inter-turn Insulation Breakdown
0.807523,-0.0146,143.53,115.70,5.711,10.129,-14.464,Stator Inter-turn Insulation Breakdown
0.808012,0.5103,145.15,115.74,2.335,11.675,-13.532,Stator Inter-turn Insulation Breakdown
0.808500,0.7512,144.17,115.68,-1.353,13.187,-12.136,Stator Inter-turn Insulation Breakdown
0.808989,0.9546,143.42,115.78,-4.567,14.295,-10.432,Stator Inter-turn Insulation Breakdown
0.809477,1.3767,144.22,115.71,-8.046,14.752,-8.485,Stator Inter-turn Insulation Breakdown
0.809966,1.7485,143.97,115.56,-10.749,14.767,-6.017,Stator Inter-turn Insulation Breakdown
0.810454,2.0749,144.35,115.77,-13.744,14.204,-3.692,Stator Inter-turn Insulation Breakdown
0.810943,1.9998,143.67,115.65,-15.721,13.416,-1.218,Stator Inter-turn Insulation Breakdown
0.811431,1.8673,144.60,115.70,-17.345,12.093,1.787,Stator Inter-turn Insulation Breakdown
0.811920,1.3552,144.29,115.85,-18.130,10.015,4.512,Stator Inter-turn Insulation Breakdown
0.812408,1.6012,145.38,115.87,-18.761,7.883,6.989,Stator Inter-turn Insulation Breakdown
0.812897,1.1795,145.59,115.68,-18.399,5.412,8.973,Stator Inter-turn Insulation Breakdown
0.813385,0.8834,145.26,115.77,-17.651,2.921,10.985,Stator Inter-turn Insulation Breakdown
0.813874,0.8813,144.76,115.68,-16.224,0.166,12.675,Stator Inter-turn Insulation Breakdown
0.814362,0.7892,144.74,115.70,-14.419,-2.735,13.677,Stator Inter-turn Insulation Breakdown
0.814851,0.7602,144.16,115.68,-11.683,-5.312,14.422,Stator Inter-turn Insulation Breakdown
0.815340,0.6286,144.19,115.59,-9.090,-7.797,14.524,Stator Inter-turn Insulation Breakdown
0.815828,0.6729,145.70,115.73,-6.191,-9.612,14.178,Stator Inter-turn Insulation Breakdown
0.816317,1.1820,143.24,115.75,-2.517,-11.668,13.405,Stator Inter-turn Insulation Breakdown
0.816805,1.0569,144.92,115.67,1.071,-13.245,12.342,Stator Inter-turn Insulation Breakdown
0.817294,1.7607,144.68,115.81,4.081,-14.261,10.585,Stator Inter-turn Insulation Breakdown
0.817782,1.6216,145.60,115.69,7.498,-14.641,8.690,Stator Inter-turn Insulation Breakdown
0.818271,1.5185,143.57,115.68,10.442,-14.661,6.304,Stator Inter-turn Insulation Breakdown
0.818759,1.4450,145.01,115.77,13.497,-14.203,3.891,Stator Inter-turn Insulation Breakdown
0.819248,1.2761,145.34,115.60,15.874,-13.373,1.164,Stator Inter-turn Insulation Breakdown
0.819736,1.2208,143.10,115.80,17.173,-11.897,-1.527,Stator Inter-turn Insulation Breakdown
0.820225,0.8466,143.93,115.70,18.414,-10.110,-4.245,Stator Inter-turn Insulation Breakdown
0.820713,0.2585,144.91,115.81,18.882,-8.066,-6.419,Stator Inter-turn Insulation Breakdown
0.821202,-0.0262,145.51,115.83,18.930,-5.647,-8.969,Stator Inter-turn Insulation Breakdown
0.821690,-0.5671,145.18,115.78,17.697,-2.907,-11.134,Stator Inter-turn Insulation Breakdown
0.822179,-0.5991,145.56,115.66,16.389,-0.223,-12.496,Stator Inter-turn Insulation Breakdown
0.822667,-0.9301,143.92,115.63,14.415,2.527,-13.784,Stator Inter-turn Insulation Breakdown
0.823156,-1.1065,143.41,115.61,12.058,5.181,-14.284,Stator Inter-turn Insulation Breakdown
0.823644,-1.2630,145.08,115.82,9.696,7.710,-14.526,Stator Inter-turn Insulation Breakdown
0.824133,-1.0401,143.77,115.72,6.043,9.685,-14.338,Stator Inter-turn Insulation Breakdown
0.824621,-0.9130,144.13,115.68,2.503,11.697,-13.643,Stator Inter-turn Insulation Breakdown
0.825110,-0.6234,145.93,115.72,-1.010,13.188,-12.316,Stator Inter-turn Insulation Breakdown
0.825598,-0.4690,145.19,115.82,-3.955,14.117,-10.755,Stator Inter-turn Insulation Breakdown
0.826087,-0.2380,144.43,115.79,-7.662,14.716,-8.610,Stator Inter-turn Insulation Breakdown
0.826575,-0.3628,144.30,115.77,-10.388,14.735,-6.338,Stator Inter-turn Insulation Breakdown
0.827064,-0.5934,145.62,115.78,-13.332,14.534,-3.588,Stator Inter-turn Insulation Breakdown
0.827553,-0.2879,145.21,115.75,-15.679,13.409,-1.283,Stator Inter-turn Insulation Breakdown
0.828041,-0.7900,143.79,115.76,-17.012,12.066,1.416,Stator Inter-turn Insulation Breakdown
0.828530,-1.0986,143.05,115.75,-18.386,10.210,4.067,Stator Inter-turn Insulation Breakdown
0.829018,-1.2608,146.88,115.73,-18.685,8.058,6.570,Stator Inter-turn Insulation Breakdown
0.829507,-1.5315,143.78,115.79,-18.546,5.571,8.959,Stator Inter-turn Insulation Breakdown
0.829995,-1.9403,145.53,115.76,-17.781,3.214,10.804,Stator Inter-turn Insulation Breakdown
0.830484,-2.1509,146.51,115.66,-16.584,0.478,12.639,Stator Inter-turn Insulation Breakdown
0.830972,-2.2365,145.15,115.77,-14.473,-2.345,13.688,Stator Inter-turn Insulation Breakdown
0.831461,-1.9566,144.40,115.75,-12.382,-5.043,14.309,Stator Inter-turn Insulation Breakdown
0.831949,-2.0431,143.57,115.78,-9.862,-7.405,14.526,Stator Inter-turn Insulation Breakdown
0.832438,-1.9576,143.56,115.72,-6.086,-9.692,14.452,Stator Inter-turn Insulation Breakdown
0.832926,-1.6476,145.38,115.80,-2.841,-11.557,13.614,Stator Inter-turn Insulation Breakdown
0.833415,-1.1902,146.45,115.73,0.455,-13.165,12.415,Stator Inter-turn Insulation Breakdown
0.833903,-0.7620,144.60,115.79,3.714,-14.079,10.737,Stator Inter-turn Insulation Breakdown
0.834392,-0.4055,144.44,115.70,6.897,-14.662,8.808,Stator Inter-turn Insulation Breakdown
0.834880,-0.2079,145.70,115.70,10.363,-14.664,6.470,Stator Inter-turn Insulation Breakdown
0.835369,-0.1919,144.31,115.78,13.381,-14.378,4.169,Stator Inter-turn Insulation Breakdown
0.835857,-0.0682,145.27,115.71,15.281,-13.499,1.466,Stator Inter-turn Insulation Breakdown
0.836346,0.0713,145.04,115.91,16.976,-12.269,-1.308,Stator Inter-turn Insulation Breakdown
0.836834,-0.3215,144.59,115.78,18.206,-10.241,-3.951,Stator Inter-turn Insulation Breakdown
0.837323,-0.3773,144.98,115.74,19.194,-8.149,-6.431,Stator Inter-turn Insulation Breakdown
0.837811,-0.3866,146.76,115.80,18.821,-5.845,-8.731,Stator Inter-turn Insulation Breakdown
0.838300,-0.4863,145.60,115.70,17.765,-3.392,-10.822,Stator Inter-turn Insulation Breakdown
0.838788,-0.7256,146.09,115.81,16.631,-0.682,-12.549,Stator Inter-turn Insulation Breakdown
0.839277,-0.7485,144.08,115.81,14.803,2.103,-13.653,Stator Inter-turn Insulation Breakdown
0.839766,-0.7717,146.10,115.84,12.139,4.899,-14.341,Stator Inter-turn Insulation Breakdown
0.840254,-0.2765,145.64,115.70,9.697,7.314,-14.673,Stator Inter-turn Insulation Breakdown
0.840743,0.1514,143.50,115.64,6.254,9.372,-14.295,Stator Inter-turn Insulation Breakdown
0.841231,0.7123,145.54,115.69,2.771,11.475,-13.690,Stator Inter-turn Insulation Breakdown
0.841720,0.7892,144.49,115.71,-0.360,12.878,-12.308,Stator Inter-turn Insulation Breakdown
0.842208,1.1171,143.45,115.87,-3.827,13.999,-10.958,Stator Inter-turn Insulation Breakdown
0.842697,1.3310,145.13,115.91,-7.118,14.762,-8.925,Stator Inter-turn Insulation Breakdown
0.843185,1.4485,145.54,115.76,-10.337,14.859,-6.703,Stator Inter-turn Insulation Breakdown
0.843674,1.9122,145.15,115.74,-13.031,14.509,-4.139,Stator Inter-turn Insulation Breakdown
0.844162,2.2772,144.89,115.71,-14.965,13.528,-1.444,Stator Inter-turn Insulation Breakdown
0.844651,2.0424,144.67,115.80,-16.874,12.292,1.195,Stator Inter-turn Insulation Breakdown
0.845139,1.8527,147.47,115.91,-18.351,10.405,3.577,Stator Inter-turn Insulation Breakdown
0.845628,1.4910,143.82,115.88,-19.134,8.344,6.349,Stator Inter-turn Insulation Breakdown
0.846116,1.2494,145.87,115.83,-18.876,5.961,8.504,Stator Inter-turn Insulation Breakdown
0.846605,0.5845,145.02,115.83,-17.979,3.416,10.588,Stator Inter-turn Insulation Breakdown
0.847093,0.8624,144.15,115.81,-16.845,0.590,12.343,Stator Inter-turn Insulation Breakdown
0.847582,0.5367,144.95,115.74,-15.003,-2.023,13.403,Stator Inter-turn Insulation Breakdown
0.848070,0.4861,143.61,115.68,-12.619,-4.507,14.413,Stator Inter-turn Insulation Breakdown
0.848559,0.6057,144.40,115.74,-9.733,-7.255,14.562,Stator Inter-turn Insulation Breakdown
0.849047,0.7470,144.95,115.77,-6.450,-9.532,14.620,Stator Inter-turn Insulation Breakdown
0.849536,0.8988,143.45,115.62,-3.273,-11.458,13.729,Stator Inter-turn Insulation Breakdown
0.850024,1.2405,145.51,115.73,0.186,-12.619,12.747,Stator Inter-turn Insulation Breakdown
0.850513,1.3745,144.04,115.67,3.568,-13.954,11.125,Stator Inter-turn Insulation Breakdown
0.851001,1.6429,143.55,115.82,6.831,-14.669,9.001,Stator Inter-turn Insulation Breakdown
0.851490,1.4919,143.92,115.70,10.192,-14.782,6.683,Stator Inter-turn Insulation Breakdown
0.851979,1.6648,147.18,115.77,12.906,-14.413,4.344,Stator Inter-turn Insulation Breakdown
0.852467,1.4000,143.02,115.68,15.480,-13.658,1.648,Stator Inter-turn Insulation Breakdown
0.852956,1.2262,145.44,115.87,16.996,-12.345,-0.820,Stator Inter-turn Insulation Breakdown
0.853444,1.0112,144.25,115.61,18.007,-10.591,-3.654,Stator Inter-turn Insulation Breakdown
0.853933,0.3559,144.65,115.78,18.546,-8.573,-6.187,Stator Inter-turn Insulation Breakdown
0.854421,0.0573,145.60,115.64,18.904,-6.178,-8.617,Stator Inter-turn Insulation Breakdown
0.854910,-0.1321,145.55,115.70,17.904,-3.533,-10.469,Stator Inter-turn Insulation Breakdown
0.855398,-0.7722,144.32,115.76,16.972,-0.977,-12.306,Stator Inter-turn Insulation Breakdown
0.855887,-0.5512,143.64,115.76,14.832,2.104,-13.410,Stator Inter-turn Insulation Breakdown
0.856375,-0.7911,145.62,115.76,12.722,4.576,-14.207,Stator Inter-turn Insulation Breakdown
0.856864,-1.0915,145.55,115.75,9.679,6.879,-14.668,Stator Inter-turn Insulation Breakdown
0.857352,-1.0824,144.72,115.69,6.952,9.028,-14.332,Stator Inter-turn Insulation Breakdown
0.857841,-0.8052,145.44,115.73,3.224,11.162,-13.802,Stator Inter-turn Insulation Breakdown
0.858329,-0.8802,144.55,115.75,0.083,12.874,-12.802,Stator Inter-turn Insulation Breakdown
0.858818,-0.7852,144.17,115.76,-3.454,13.997,-10.953,Stator Inter-turn Insulation Breakdown
0.859306,-0.4074,145.00,115.74,-6.722,14.607,-9.277,Stator Inter-turn Insulation Breakdown
0.859795,-0.2768,145.52,115.80,-9.921,14.734,-6.901,Stator Inter-turn Insulation Breakdown
0.860283,-0.2484,145.31,115.75,-12.693,14.380,-4.440,Stator Inter-turn Insulation Breakdown
0.860772,-0.4585,145.51,115.76,-14.918,13.616,-1.823,Stator Inter-turn Insulation Breakdown
0.861260,-0.3729,144.24,115.71,-16.985,12.279,0.858,Stator Inter-turn Insulation Breakdown
0.861749,-1.0622,146.58,115.66,-18.253,10.646,3.380,Stator Inter-turn Insulation Breakdown
0.862237,-1.3297,144.66,115.76,-18.780,8.764,6.184,Stator Inter-turn Insulation Breakdown
0.862726,-1.4170,144.88,115.84,-18.811,6.206,8.445,Stator Inter-turn Insulation Breakdown
0.863214,-1.9657,143.68,115.78,-18.323,3.784,10.449,Stator Inter-turn Insulation Breakdown
0.863703,-2.2064,144.81,115.68,-16.715,1.113,11.968,Stator Inter-turn Insulation Breakdown
0.864191,-2.1466,145.53,115.81,-15.172,-1.793,13.295,Stator Inter-turn Insulation Breakdown
0.864680,-2.3475,145.76,115.72,-12.846,-4.433,14.297,Stator Inter-turn Insulation Breakdown
0.865169,-2.1151,146.56,115.80,-10.328,-6.759,14.387,Stator Inter-turn Insulation Breakdown
0.865657,-1.9973,145.52,115.72,-6.570,-9.243,14.485,Stator Inter-turn Insulation Breakdown
0.866146,-1.7335,145.28,115.77,-3.184,-11.132,13.693,Stator Inter-turn Insulation Breakdown
0.866634,-1.5796,144.55,115.71,-0.387,-12.521,12.646,Stator Inter-turn Insulation Breakdown
0.867123,-0.8903,144.34,115.71,3.461,-13.796,11.068,Stator Inter-turn Insulation Breakdown
0.867611,-0.7716,145.97,115.62,6.535,-14.584,9.331,Stator Inter-turn Insulation Breakdown
0.868100,-0.3438,145.95,115.79,9.990,-14.714,7.200,Stator Inter-turn Insulation Breakdown
0.868588,-0.2157,143.92,115.78,12.526,-14.508,4.666,Stator Inter-turn Insulation Breakdown
0.869077,-0.0888,145.72,115.78,14.846,-13.615,2.063,Stator Inter-turn Insulation Breakdown
0.869565,-0.0963,145.65,115.77,16.192,-12.672,-0.648,Stator Inter-turn Insulation Breakdown
0.870054,-0.1424,143.89,115.69,17.818,-10.810,-3.256,Stator Inter-turn Insulation Breakdown
0.870542,-0.4327,145.54,115.83,18.691,-8.968,-5.825,Stator Inter-turn Insulation Breakdown
0.871031,-0.3083,143.95,115.83,18.788,-6.410,-8.492,Stator Inter-turn Insulation Breakdown
0.871519,-0.9240,142.57,115.69,17.932,-3.900,-10.200,Stator Inter-turn Insulation Breakdown
0.872008,-0.7778,144.84,115.79,16.841,-1.059,-11.933,Stator Inter-turn Insulation Breakdown
0.872496,-0.6313,145.26,115.82,15.335,1.598,-13.366,Stator Inter-turn Insulation Breakdown
0.872985,-0.5961,144.88,115.71,12.671,4.144,-14.392,Stator Inter-turn Insulation Breakdown
0.873473,-0.6187,147.87,115.73,10.259,6.684,-14.556,Stator Inter-turn Insulation Breakdown
0.873962,-0.3027,145.38,115.79,7.419,9.063,-14.440,Stator Inter-turn Insulation Breakdown
0.874450,0.0310,145.15,115.63,3.944,10.964,-13.919,Stator Inter-turn Insulation Breakdown
0.874939,0.6743,145.43,115.66,0.500,12.640,-12.790,Stator Inter-turn Insulation Breakdown
0.875427,0.8757,144.56,115.67,-3.420,13.970,-11.202,Stator Inter-turn Insulation Breakdown
0.875916,1.3870,145.93,115.61,-6.528,14.482,-9.187,Stator Inter-turn Insulation Breakdown
0.876404,1.6751,145.36,115.84,-9.085,14.755,-7.211,Stator Inter-turn Insulation Breakdown
0.876893,2.1761,145.32,115.59,-12.426,14.503,-4.747,Stator Inter-turn Insulation Breakdown
0.877382,1.9383,144.38,115.78,-14.448,14.092,-2.255,Stator Inter-turn Insulation Breakdown
0.877870,1.7262,143.44,115.82,-16.721,12.613,0.458,Stator Inter-turn Insulation Breakdown
0.878359,1.4866,144.50,115.73,-17.990,11.017,3.158,Stator Inter-turn Insulation Breakdown
0.878847,1.4501,145.28,115.70,-18.561,8.964,5.845,Stator Inter-turn Insulation Breakdown
0.879336,1.2229,144.56,115.77,-18.742,6.653,8.172,Stator Inter-turn Insulation Breakdown
0.879824,0.6610,145.29,115.75,-18.149,4.077,10.372,Stator Inter-turn Insulation Breakdown
0.880313,0.6769,144.77,115.83,-17.236,1.390,11.774,Stator Inter-turn Insulation Breakdown
0.880801,0.6899,145.43,115.54,-15.570,-1.514,13.132,Stator Inter-turn Insulation Breakdown
0.881290,0.5162,144.02,115.68,-13.270,-4.008,14.268,Stator Inter-turn Insulation Breakdown
0.881778,0.7878,145.19,115.80,-10.508,-6.594,14.716,Stator Inter-turn Insulation Breakdown
0.882267,0.5426,144.36,115.76,-7.403,-8.844,14.496,Stator Inter-turn Insulation Breakdown
0.882755,1.0777,143.46,115.81,-3.857,-10.921,13.477,Stator Inter-turn Insulation Breakdown
0.883244,1.3474,144.83,115.77,-0.617,-12.484,12.809,Stator Inter-turn Insulation Breakdown
0.883732,1.5845,146.54,115.74,2.914,-13.687,11.441,Stator Inter-turn Insulation Breakdown
0.884221,1.3951,143.54,115.73,6.202,-14.828,9.456,Stator Inter-turn Insulation Breakdown
0.884709,1.7901,145.12,115.94,9.098,-14.843,7.380,Stator Inter-turn Insulation Breakdown
0.885198,1.6542,145.80,115.88,12.156,-14.748,5.118,Stator Inter-turn Insulation Breakdown
0.885686,1.4414,147.30,115.79,14.600,-13.809,2.470,Stator Inter-turn Insulation Breakdown
0.886175,1.3756,144.51,115.76,16.655,-12.666,-0.270,Stator Inter-turn Insulation Breakdown
0.886663,0.9906,144.37,115.80,17.659,-10.875,-3.024,Stator Inter-turn Insulation Breakdown
0.887152,0.8844,143.83,115.82,18.230,-8.993,-5.632,Stator Inter-turn Insulation Breakdown
0.887640,0.4109,146.14,115.79,18.809,-6.760,-7.883,Stator Inter-turn Insulation Breakdown
0.888129,-0.2435,144.13,115.70,18.345,-4.088,-10.063,Stator Inter-turn Insulation Breakdown
0.888617,-0.5372,144.63,115.90,17.120,-1.543,-11.826,Stator Inter-turn Insulation Breakdown
0.889106,-0.7650,143.15,115.78,15.464,1.160,-13.354,Stator Inter-turn Insulation Breakdown
0.889595,-0.8980,145.88,115.92,13.413,3.930,-14.190,Stator Inter-turn Insulation Breakdown
0.890083,-0.8074,146.16,115.77,10.477,6.601,-14.485,Stator Inter-turn Insulation Breakdown
0.890572,-0.8243,145.85,115.74,7.487,8.857,-14.621,Stator Inter-turn Insulation Breakdown
0.891060,-0.8081,143.39,115.87,4.278,10.863,-13.943,Stator Inter-turn Insulation Breakdown
0.891549,-0.6915,145.61,115.78,0.592,12.750,-12.915,Stator Inter-turn Insulation Breakdown
0.892037,-0.7407,143.33,115.77,-2.647,13.649,-11.458,Stator Inter-turn Insulation Breakdown
0.892526,-0.1269,145.06,115.66,-5.995,14.430,-9.608,Stator Inter-turn Insulation Breakdown
0.893014,-0.2917,145.21,115.81,-8.817,14.813,-7.434,Stator Inter-turn Insulation Breakdown
0.893503,0.0209,145.31,115.72,-12.058,14.742,-5.138,Stator Inter-turn Insulation Breakdown
0.893991,-0.2677,145.53,115.72,-14.406,13.795,-2.629,Stator Inter-turn Insulation Breakdown
0.894480,-0.1746,144.99,115.72,-16.221,12.893,0.107,Stator Inter-turn Insulation Breakdown
0.894968,-0.6505,143.04,115.79,-17.977,10.972,2.937,Stator Inter-turn Insulation Breakdown
0.895457,-1.2742,145.54,115.64,-18.336,9.127,5.318,Stator Inter-turn Insulation Breakdown
0.895945,-1.4888,145.10,115.74,-18.430,6.870,7.723,Stator Inter-turn Insulation Breakdown
0.896434,-1.7391,144.10,115.84,-18.326,4.246,9.847,Stator Inter-turn Insulation Breakdown
0.896922,-2.1036,143.43,115.66,-17.346,1.608,11.555,Stator Inter-turn Insulation Breakdown
0.897411,-2.1977,146.54,115.77,-15.247,-0.972,13.016,Stator Inter-turn Insulation Breakdown
0.897899,-2.4035,146.23,115.71,-13.221,-3.593,14.178,Stator Inter-turn Insulation Breakdown
0.898388,-2.1359,145.71,115.73,-10.719,-6.508,14.477,Stator Inter-turn Insulation Breakdown
0.898876,-1.9272,144.32,115.89,-7.442,-8.625,14.352,Stator Inter-turn Insulation Breakdown
0.899365,-1.8477,142.48,115.63,-4.194,-10.708,13.963,Stator Inter-turn Insulation Breakdown
0.899853,-1.0798,145.76,115.82,-1.105,-12.378,13.079,Stator Inter-turn Insulation Breakdown
0.900342,-1.0125,145.37,115.72,2.467,-13.694,11.417,Stator Inter-turn Insulation Breakdown
0.900830,-0.8128,144.63,115.72,5.906,-14.602,9.876,Stator Inter-turn Insulation Breakdown
0.901319,-0.6562,146.12,115.67,8.974,-14.641,7.486,Stator Inter-turn Insulation Breakdown
0.901808,-0.2052,145.85,115.82,11.564,-14.500,5.183,Stator Inter-turn Insulation Breakdown
0.902296,-0.1524,145.18,115.75,14.128,-13.953,2.596,Stator Inter-turn Insulation Breakdown
0.902785,0.0067,145.04,115.74,16.034,-12.847,-0.093,Stator Inter-turn Insulation Breakdown
0.903273,-0.2157,145.05,115.77,17.842,-11.282,-2.717,Stator Inter-turn Insulation Breakdown
0.903762,-0.5179,145.68,115.75,18.344,-9.522,-5.214,Stator Inter-turn Insulation Breakdown
0.904250,-0.2602,144.14,115.60,18.829,-6.958,-7.698,Stator Inter-turn Insulation Breakdown
0.904739,-0.6069,145.43,115.72,18.731,-4.408,-9.897,Stator Inter-turn Insulation Breakdown
0.905227,-0.8241,144.08,115.83,17.603,-1.814,-11.600,Stator Inter-turn Insulation Breakdown
0.905716,-0.7963,146.34,115.64,15.317,0.884,-13.041,Stator Inter-turn Insulation Breakdown
0.906204,-0.6855,145.53,115.68,13.265,3.596,-14.102,Stator Inter-turn Insulation Breakdown
0.906693,-0.7996,144.31,115.73,10.745,6.067,-14.530,Stator Inter-turn Insulation Breakdown
0.907181,-0.2903,145.08,115.70,7.677,8.463,-14.617,Stator Inter-turn Insulation Breakdown
0.907670,-0.0307,144.15,115.76,4.323,10.570,-14.144,Stator Inter-turn Insulation Breakdown
0.908158,0.5116,146.50,115.68,1.238,12.371,-13.017,Stator Inter-turn Insulation Breakdown
0.908647,0.7328,146.62,115.73,-2.075,13.738,-11.650,Stator Inter-turn Insulation Breakdown
0.909135,1.1308,145.70,115.76,-5.407,14.416,-9.820,Stator Inter-turn Insulation Breakdown
0.909624,1.7812,146.56,115.82,-8.885,14.685,-7.700,Stator Inter-turn Insulation Breakdown
0.910112,1.9306,145.15,115.86,-11.739,14.644,-5.457,Stator Inter-turn Insulation Breakdown
0.910601,1.3534,145.76,115.74,-14.113,14.197,-2.691,Stator Inter-turn Insulation Breakdown
0.911089,2.0078,146.22,115.92,-16.225,12.782,-0.149,Stator Inter-turn Insulation Breakdown
0.911578,1.7065,144.99,115.75,-17.513,11.412,2.649,Stator Inter-turn Insulation Breakdown
0.912066,1.4158,145.07,115.83,-18.463,9.521,5.133,Stator Inter-turn Insulation Breakdown
0.912555,1.1304,145.93,115.92,-18.871,7.097,7.592,Stator Inter-turn Insulation Breakdown
0.913043,0.8920,145.65,115.78,-18.778,4.567,9.754,Stator Inter-turn Insulation Breakdown
0.913532,0.7167,144.24,115.66,-17.095,2.043,11.632,Stator Inter-turn Insulation Breakdown
0.914021,0.4978,142.81,115.77,-15.932,-0.699,12.827,Stator Inter-turn Insulation Breakdown
0.914509,0.3979,144.82,115.72,-13.589,-3.359,13.834,Stator Inter-turn Insulation Breakdown
0.914998,0.4747,142.90,115.74,-11.448,-5.800,14.586,Stator Inter-turn Insulation Breakdown
0.915486,0.7995,144.01,115.92,-8.096,-8.366,14.591,Stator Inter-turn Insulation Breakdown
0.915975,0.9506,144.13,115.67,-4.829,-10.594,14.022,Stator Inter-turn Insulation Breakdown
0.916463,1.2608,144.43,115.79,-1.412,-12.206,13.203,Stator Inter-turn Insulation Breakdown
0.916952,1.4074,145.82,115.70,2.619,-13.513,11.648,Stator Inter-turn Insulation Breakdown
0.917440,1.4279,146.04,115.74,5.278,-14.277,10.338,Stator Inter-turn Insulation Breakdown
0.917929,1.8357,145.51,115.83,8.775,-14.803,8.027,Stator Inter-turn Insulation Breakdown
0.918417,1.6518,145.63,115.79,11.630,-14.704,5.576,Stator Inter-turn Insulation Breakdown
0.918906,1.8279,145.66,115.75,13.915,-14.183,2.952,Stator Inter-turn Insulation Breakdown
0.919394,1.3700,142.50,115.72,16.262,-12.900,0.214,Stator Inter-turn Insulation Breakdown
0.919883,1.1539,145.01,115.79,17.573,-11.091,-2.533,Stator Inter-turn Insulation Breakdown
0.920371,0.8383,143.20,115.90,18.691,-9.532,-5.010,Stator Inter-turn Insulation Breakdown
0.920860,0.5873,145.51,115.70,19.191,-7.227,-7.512,Stator Inter-turn Insulation Breakdown
0.921348,0.1041,142.91,115.92,18.477,-4.843,-9.682,Stator Inter-turn Insulation Breakdown
0.921837,-0.2902,144.82,115.86,17.414,-2.271,-11.596,Stator Inter-turn Insulation Breakdown
0.922325,-0.3098,145.55,115.88,16.114,0.619,-12.893,Stator Inter-turn Insulation Breakdown
0.922814,-1.0719,143.88,115.79,14.078,3.277,-13.983,Stator Inter-turn Insulation Breakdown
0.923302,-1.0488,145.96,115.86,11.050,5.623,-14.448,Stator Inter-turn Insulation Breakdown
0.923791,-1.0480,145.51,115.69,8.185,8.412,-14.521,Stator Inter-turn Insulation Breakdown
0.924279,-1.0573,145.38,115.72,5.179,10.403,-14.116,Stator Inter-turn Insulation Breakdown
0.924768,-0.7469,145.70,115.83,1.616,12.129,-12.967,Stator Inter-turn Insulation Breakdown
0.925256,-0.3601,144.64,115.79,-2.006,13.429,-11.798,Stator Inter-turn Insulation Breakdown
0.925745,-0.3919,145.15,115.76,-5.103,14.407,-10.251,Stator Inter-turn Insulation Breakdown
0.926234,-0.2440,145.01,115.57,-8.296,14.820,-7.982,Stator Inter-turn Insulation Breakdown
0.926722,-0.4224,144.99,115.74,-11.432,14.724,-5.664,Stator Inter-turn Insulation Breakdown
0.927211,-0.3490,144.33,115.68,-13.903,14.202,-3.232,Stator Inter-turn Insulation Breakdown
0.927699,-0.4625,143.76,115.81,-16.111,13.161,-0.575,Stator Inter-turn Insulation Breakdown
0.928188,-0.5473,144.66,115.76,-17.753,11.726,2.292,Stator Inter-turn Insulation Breakdown
0.928676,-1.2076,144.61,115.72,-18.579,9.547,4.920,Stator Inter-turn Insulation Breakdown
0.929165,-1.3658,144.26,115.98,-18.785,7.352,7.186,Stator Inter-turn Insulation Breakdown
0.929653,-1.4650,145.85,115.85,-18.780,4.974,9.581,Stator Inter-turn Insulation Breakdown
0.930142,-1.9755,143.83,115.86,-17.629,2.222,11.384,Stator Inter-turn Insulation Breakdown
0.930630,-2.4234,144.83,115.95,-15.993,-0.478,12.964,Stator Inter-turn Insulation Breakdown
0.931119,-2.0040,146.17,115.84,-13.696,-3.071,14.007,Stator Inter-turn Insulation Breakdown
0.931607,-2.0570,145.91,115.71,-11.451,-5.625,14.466,Stator Inter-turn Insulation Breakdown
0.932096,-1.8931,146.22,115.70,-8.706,-7.991,14.740,Stator Inter-turn Insulation Breakdown
0.932584,-2.0435,144.41,115.85,-5.281,-10.267,14.065,Stator Inter-turn Insulation Breakdown
0.933073,-1.2448,145.78,115.61,-1.957,-11.983,13.538,Stator Inter-turn Insulation Breakdown
0.933561,-1.2454,143.94,115.77,1.724,-13.381,11.883,Stator Inter-turn Insulation Breakdown
0.934050,-0.8714,144.72,115.60,4.949,-14.325,10.233,Stator Inter-turn Insulation Breakdown
0.934538,-0.6110,144.82,115.78,7.708,-14.846,8.102,Stator Inter-turn Insulation Breakdown
0.935027,-0.1494,144.42,115.84,11.942,-14.797,5.765,Stator Inter-turn Insulation Breakdown
0.935515,-0.1980,144.64,115.80,13.808,-14.077,3.544,Stator Inter-turn Insulation Breakdown
0.936004,-0.0774,144.51,115.85,15.906,-13.189,0.544,Stator Inter-turn Insulation Breakdown
0.936492,-0.2065,144.02,115.93,17.152,-11.803,-2.006,Stator Inter-turn Insulation Breakdown
0.936981,-0.3678,145.86,115.76,18.148,-9.754,-4.726,Stator Inter-turn Insulation Breakdown
0.937469,-0.6667,144.82,116.00,18.780,-7.402,-7.060,Stator Inter-turn Insulation Breakdown
0.937958,-0.4220,145.20,115.79,18.588,-5.367,-9.418,Stator Inter-turn Insulation Breakdown
0.938447,-1.0425,145.16,115.85,17.756,-2.486,-11.231,Stator Inter-turn Insulation Breakdown
0.938935,-0.8176,145.05,115.73,16.163,0.325,-12.706,Stator Inter-turn Insulation Breakdown
0.939424,-0.7832,145.09,115.91,13.833,2.781,-13.922,Stator Inter-turn Insulation Breakdown
0.939912,-0.5199,144.69,115.86,11.048,5.547,-14.186,Stator Inter-turn Insulation Breakdown
0.940401,-0.2349,146.42,115.89,8.616,7.871,-14.516,Stator Inter-turn Insulation Breakdown
0.940889,-0.1279,145.76,115.78,5.326,10.031,-14.237,Stator Inter-turn Insulation Breakdown
0.941378,0.3647,145.02,115.68,1.792,11.896,-13.433,Stator Inter-turn Insulation Breakdown
0.941866,0.9616,144.55,115.81,-1.247,13.225,-12.051,Stator Inter-turn Insulation Breakdown
0.942355,1.0780,144.88,115.64,-5.137,14.166,-10.470,Stator Inter-turn Insulation Breakdown
0.942843,1.2597,145.42,115.75,-7.944,14.747,-8.110,Stator Inter-turn Insulation Breakdown
0.943332,1.6039,146.50,115.79,-11.323,14.943,-5.903,Stator Inter-turn Insulation Breakdown
0.943820,1.5984,143.63,115.97,-13.614,14.265,-3.413,Stator Inter-turn Insulation Breakdown
0.944309,1.8668,145.66,115.80,-15.593,13.280,-0.642,Stator Inter-turn Insulation Breakdown
0.944797,1.8807,146.13,115.79,-17.452,11.802,1.864,Stator Inter-turn Insulation Breakdown
0.945286,1.5276,143.51,115.77,-18.063,9.800,4.438,Stator Inter-turn Insulation Breakdown
0.945774,1.0741,144.82,115.67,-18.412,7.714,7.004,Stator Inter-turn Insulation Breakdown
0.946263,1.2264,143.94,115.79,-18.507,5.347,9.256,Stator Inter-turn Insulation Breakdown
0.946751,0.5857,145.43,115.79,-17.577,2.696,11.209,Stator Inter-turn Insulation Breakdown
0.947240,0.4564,144.64,115.70,-16.006,-0.079,12.545,Stator Inter-turn Insulation Breakdown
0.947728,0.5797,144.87,115.68,-14.094,-2.755,13.753,Stator Inter-turn Insulation Breakdown
0.948217,0.6569,144.59,115.74,-11.620,-5.174,14.131,Stator Inter-turn Insulation Breakdown
0.948705,0.7880,145.72,115.78,-8.920,-7.767,14.473,Stator Inter-turn Insulation Breakdown
0.949194,0.8976,145.23,115.74,-5.963,-10.047,14.321,Stator Inter-turn Insulation Breakdown
0.949682,1.4043,145.23,115.70,-2.523,-11.849,13.521,Stator Inter-turn Insulation Breakdown
0.950171,1.3971,145.16,115.80,1.687,-13.373,12.033,Stator Inter-turn Insulation Breakdown
0.950660,1.7651,145.57,115.82,4.691,-14.009,10.426,Stator Inter-turn Insulation Breakdown
0.951148,1.8890,144.74,115.79,7.836,-14.579,8.419,Stator Inter-turn Insulation Breakdown
0.951637,1.6467,146.70,115.74,11.130,-14.727,6.197,Stator Inter-turn Insulation Breakdown
0.952125,1.7744,143.77,115.83,13.351,-14.016,3.709,Stator Inter-turn Insulation Breakdown
0.952614,1.9621,143.27,115.77,15.785,-13.187,0.918,Stator Inter-turn Insulation Breakdown
0.953102,1.3051,143.19,115.69,17.322,-11.862,-1.807,Stator Inter-turn Insulation Breakdown
0.953591,0.9329,142.92,115.86,18.450,-9.897,-4.549,Stator Inter-turn Insulation Breakdown
0.954079,0.6620,145.67,115.81,18.722,-7.779,-6.868,Stator Inter-turn Insulation Breakdown
0.954568,0.1565,145.55,115.77,18.393,-5.302,-8.913,Stator Inter-turn Insulation Breakdown
0.955056,-0.2739,146.21,115.66,17.588,-2.907,-10.925,Stator Inter-turn Insulation Breakdown
0.955545,-0.5450,143.94,115.72,16.163,-0.142,-12.597,Stator Inter-turn Insulation Breakdown
0.956033,-0.4848,145.75,115.94,14.334,2.800,-13.717,Stator Inter-turn Insulation Breakdown
0.956522,-0.8420,145.06,115.66,11.553,5.442,-14.484,Stator Inter-turn Insulation Breakdown
0.957010,-1.0373,145.17,115.76,8.744,7.857,-14.631,Stator Inter-turn Insulation Breakdown
0.957499,-0.9898,145.63,115.78,5.845,10.120,-14.268,Stator Inter-turn Insulation Breakdown
0.957987,-0.2914,144.24,115.81,2.420,11.803,-13.471,Stator Inter-turn Insulation Breakdown
0.958476,-0.4841,147.59,115.66,-0.971,13.247,-12.133,Stator Inter-turn Insulation Breakdown
0.958964,-0.2207,146.33,115.80,-4.439,14.109,-10.471,Stator Inter-turn Insulation Breakdown
0.959453,-0.2805,144.47,115.65,-7.197,14.666,-8.492,Stator Inter-turn Insulation Breakdown
0.959941,-0.0694,143.91,115.79,-10.686,14.551,-6.332,Stator Inter-turn Insulation Breakdown
0.960430,0.0553,144.91,115.73,-13.436,14.244,-3.805,Stator Inter-turn Insulation Breakdown
0.960918,-0.4067,145.18,115.72,-15.536,13.115,-1.148,Stator Inter-turn Insulation Breakdown
0.961407,-0.4763,146.07,115.85,-17.022,12.022,1.648,Stator Inter-turn Insulation Breakdown
0.961895,-1.0614,143.83,115.77,-18.324,10.143,4.052,Stator Inter-turn Insulation Breakdown
0.962384,-0.8898,145.29,115.82,-18.645,7.751,6.740,Stator Inter-turn Insulation Breakdown
0.962872,-1.4945,143.47,115.83,-18.536,5.514,9.139,Stator Inter-turn Insulation Breakdown
0.963361,-1.8974,145.44,115.89,-17.876,3.123,11.018,Stator Inter-turn Insulation Breakdown
0.963850,-2.1048,144.89,115.69,-16.397,0.207,12.499,Stator Inter-turn Insulation Breakdown
0.964338,-2.2584,146.94,115.86,-14.145,-2.594,13.624,Stator Inter-turn Insulation Breakdown
0.964827,-2.2553,143.45,115.79,-11.972,-5.302,14.470,Stator Inter-turn Insulation Breakdown
0.965315,-2.4410,146.37,115.76,-9.367,-7.755,14.629,Stator Inter-turn Insulation Breakdown
0.965804,-1.8729,143.30,115.69,-6.073,-9.726,14.289,Stator Inter-turn Insulation Breakdown
0.966292,-1.5871,143.67,115.84,-3.069,-11.692,13.487,Stator Inter-turn Insulation Breakdown
0.966781,-1.1595,143.32,115.71,0.835,-13.158,12.326,Stator Inter-turn Insulation Breakdown
0.967269,-0.9763,145.25,115.83,4.496,-14.197,10.645,Stator Inter-turn Insulation Breakdown
0.967758,-0.7152,143.83,115.94,7.248,-14.721,8.749,Stator Inter-turn Insulation Breakdown
0.968246,-0.3712,143.65,115.87,10.575,-14.885,6.497,Stator Inter-turn Insulation Breakdown
0.968735,-0.4727,145.20,115.90,13.414,-14.286,3.723,Stator Inter-turn Insulation Breakdown
0.969223,-0.1688,145.45,115.73,15.660,-13.531,1.093,Stator Inter-turn Insulation Breakdown
0.969712,-0.5218,145.04,115.85,17.400,-12.083,-1.334,Stator Inter-turn Insulation Breakdown
0.970200,-0.1998,144.84,115.70,17.894,-10.119,-4.088,Stator Inter-turn Insulation Breakdown
0.970689,-0.4340,146.83,115.77,18.873,-8.049,-6.714,Stator Inter-turn Insulation Breakdown
0.971177,-0.8506,145.15,115.93,18.341,-5.612,-8.776,Stator Inter-turn Insulation Breakdown
0.971666,-0.7558,145.81,115.74,17.682,-2.866,-10.813,Stator Inter-turn Insulation Breakdown
0.972154,-0.9153,145.14,115.88,16.681,-0.384,-12.233,Stator Inter-turn Insulation Breakdown
0.972643,-1.0682,143.90,115.87,14.624,2.339,-13.662,Stator Inter-turn Insulation Breakdown
0.973131,-1.0990,145.55,115.88,12.320,4.948,-14.251,Stator Inter-turn Insulation Breakdown
0.973620,-0.5208,144.34,115.69,9.160,7.398,-14.745,Stator Inter-turn Insulation Breakdown
0.974108,-0.3685,144.91,115.83,6.495,9.558,-14.205,Stator Inter-turn Insulation Breakdown
0.974597,0.2984,145.31,115.78,2.983,11.558,-13.509,Stator Inter-turn Insulation Breakdown
0.975085,0.5489,143.06,115.88,-0.428,13.084,-12.242,Stator Inter-turn Insulation Breakdown
0.975574,0.8434,143.39,115.66,-4.253,14.148,-10.671,Stator Inter-turn Insulation Breakdown
0.976063,1.5694,145.91,115.82,-7.097,14.695,-8.806,Stator Inter-turn Insulation Breakdown
0.976551,1.6545,144.34,115.81,-10.440,14.865,-6.631,Stator Inter-turn Insulation Breakdown
0.977040,1.1823,144.38,115.63,-13.195,14.360,-4.071,Stator Inter-turn Insulation Breakdown
0.977528,1.7051,145.17,115.72,-15.201,13.415,-1.548,Stator Inter-turn Insulation Breakdown
0.978017,1.5080,144.61,115.64,-16.944,12.007,1.221,Stator Inter-turn Insulation Breakdown
0.978505,1.4422,145.42,115.73,-18.388,10.180,3.996,Stator Inter-turn Insulation Breakdown
0.978994,1.3258,144.95,115.84,-18.349,8.366,6.456,Stator Inter-turn Insulation Breakdown
0.979482,1.1616,145.20,115.81,-18.304,5.757,8.726,Stator Inter-turn Insulation Breakdown
0.979971,0.9231,144.30,115.81,-17.822,3.144,10.662,Stator Inter-turn Insulation Breakdown
0.980459,0.8710,145.19,115.71,-16.526,0.496,12.193,Stator Inter-turn Insulation Breakdown
0.980948,0.7075,146.11,115.88,-14.653,-2.208,13.600,Stator Inter-turn Insulation Breakdown
0.981436,0.6938,144.43,115.79,-12.638,-4.660,14.371,Stator Inter-turn Insulation Breakdown
0.981925,0.7280,145.92,115.80,-9.498,-7.338,14.500,Stator Inter-turn Insulation Breakdown
0.982413,1.0630,144.95,115.87,-6.371,-9.275,14.319,Stator Inter-turn Insulation Breakdown
0.982902,1.0518,145.73,115.71,-3.160,-11.443,13.814,Stator Inter-turn Insulation Breakdown
0.983390,1.3080,145.13,115.81,0.342,-12.768,12.600,Stator Inter-turn Insulation Breakdown
0.983879,1.3023,144.97,115.83,3.363,-13.969,10.738,Stator Inter-turn Insulation Breakdown
0.984367,1.9297,145.35,115.75,6.925,-14.632,8.913,Stator Inter-turn Insulation Breakdown
0.984856,1.8573,146.21,115.85,10.393,-14.623,6.799,Stator Inter-turn Insulation Breakdown
0.985344,2.2990,145.24,115.83,13.273,-14.283,4.140,Stator Inter-turn Insulation Breakdown
0.985833,1.6723,145.48,115.79,15.019,-13.458,1.501,Stator Inter-turn Insulation Breakdown
0.986321,1.5104,144.63,115.78,17.011,-11.959,-1.047,Stator Inter-turn Insulation Breakdown
0.986810,1.2524,146.57,115.84,18.387,-10.498,-3.703,Stator Inter-turn Insulation Breakdown
0.987298,0.6187,145.64,115.86,18.642,-8.451,-6.226,Stator Inter-turn Insulation Breakdown
0.987787,0.4295,145.08,115.80,18.825,-6.040,-8.649,Stator Inter-turn Insulation Breakdown
0.988276,-0.0089,144.88,115.88,17.995,-3.217,-10.568,Stator Inter-turn Insulation Breakdown
0.988764,-0.3938,145.98,115.85,16.944,-0.551,-12.137,Stator Inter-turn Insulation Breakdown
0.989253,-0.4215,144.39,115.65,14.587,1.970,-13.528,Stator Inter-turn Insulation Breakdown
0.989741,-0.8796,143.22,115.68,12.259,4.438,-14.343,Stator Inter-turn Insulation Breakdown
0.990230,-0.7434,145.07,115.89,9.750,7.145,-14.475,Stator Inter-turn Insulation Breakdown
0.990718,-0.5115,146.19,115.78,6.600,9.315,-14.195,Stator Inter-turn Insulation Breakdown
0.991207,-0.7087,146.59,115.81,3.233,11.299,-13.502,Stator Inter-turn Insulation Breakdown
0.991695,-0.4810,144.89,115.89,-0.087,12.790,-12.602,Stator Inter-turn Insulation Breakdown
0.992184,0.0831,145.04,115.80,-3.827,13.847,-11.018,Stator Inter-turn Insulation Breakdown
0.992672,-0.0658,145.52,115.80,-7.231,14.834,-9.148,Stator Inter-turn Insulation Breakdown
0.993161,-0.1492,144.74,115.73,-10.138,14.720,-6.781,Stator Inter-turn Insulation Breakdown
0.993649,0.0206,145.52,115.83,-12.857,14.572,-4.419,Stator Inter-turn Insulation Breakdown
0.994138,-0.3110,144.91,115.84,-15.145,13.563,-1.737,Stator Inter-turn Insulation Breakdown
0.994626,-0.6810,146.01,115.75,-16.633,12.167,1.070,Stator Inter-turn Insulation Breakdown
0.995115,-0.5367,145.72,115.72,-17.960,10.611,3.690,Stator Inter-turn Insulation Breakdown
0.995603,-1.2499,145.81,116.01,-18.623,8.443,5.996,Stator Inter-turn Insulation Breakdown
0.996092,-1.0669,144.79,115.79,-18.666,6.097,8.653,Stator Inter-turn Insulation Breakdown
0.996580,-1.8268,146.93,115.74,-18.146,3.561,10.418,Stator Inter-turn Insulation Breakdown
0.997069,-1.6837,145.48,115.86,-16.968,0.774,12.105,Stator Inter-turn Insulation Breakdown
0.997557,-2.3618,145.25,115.79,-15.206,-2.027,13.339,Stator Inter-turn Insulation Breakdown
0.998046,-2.0405,144.24,115.71,-12.769,-4.527,14.204,Stator Inter-turn Insulation Breakdown
0.998534,-2.0387,144.90,115.84,-9.875,-6.930,14.504,Stator Inter-turn Insulation Breakdown
0.999023,-1.7998,145.11,115.73,-7.000,-9.383,14.337,Stator Inter-turn Insulation Breakdown
0.999511,-1.5083,144.21,115.93,-3.409,-11.230,13.521,Stator Inter-turn Insulation Breakdown
1.000000,-1.4061,144.71,115.84,-0.039,-12.667,12.657,Stator Inter-turn Insulation Breakdown
